SrcIP;DstIP;TCP SrcPort;TCP DstPort;UDP SrcPort; UDP DstPort;Proto;Type;Ver;Ciphersuite;List of extensions;SNI;Supported Groups;EC;ALPN;Signature Algorithms;Supported Versions;Time
192.168.3.28;47.246.64.77;64860;443;;;6;1;0x0303;0x1301,0x1302,0x1303,0xc02b,0xc02c,0xcca9,0xc02f,0xc030,0xcca8,0xc009,0xc00a,0xc013,0xc014,0x009c,0x009d,0x002f,0x0035;0,23,65281,10,11,35,16,5,13,51,45,43,21;acs.m.taobao.com;0x001d,0x0017,0x0018;0;http/1.1;0x0403,0x0804,0x0401,0x0503,0x0805,0x0501,0x0806,0x0601,0x0201;0x0304,0x0303,0x0302,0x0301;Jul 20, 2024 18:13:10.537949000 CEST
192.168.3.28;47.246.2.232;64862;443;;;6;1;0x0303;0x1301,0x1302,0x1303,0xc02b,0xc02c,0xcca9,0xc02f,0xc030,0xcca8,0xc009,0xc00a,0xc013,0xc014,0x009c,0x009d,0x002f,0x0035;0,23,65281,10,11,35,16,5,13,51,45,43,21;global-orange-source.alibaba.com;0x001d,0x0017,0x0018;0;http/1.1;0x0403,0x0804,0x0401,0x0503,0x0805,0x0501,0x0806,0x0601,0x0201;0x0304,0x0303,0x0302,0x0301;Jul 20, 2024 18:13:10.670480000 CEST
47.246.2.232;192.168.3.28;443;64862;;;6;2;0x0303;0x1302;43,51;;;;;;0x0304;Jul 20, 2024 18:13:10.731597000 CEST
192.168.3.28;47.93.95.208;64864;443;;;6;1;0x0303;0x1302,0x1303,0x1301,0xc02c,0xc030,0x009f,0xcca9,0xcca8,0xccaa,0xc02b,0xc02f,0x009e,0xc024,0xc028,0x006b,0xc023,0xc027,0x0067,0xc00a,0xc014,0x0039,0xc009,0xc013,0x0033,0x009d,0x009c,0x003d,0x003c,0x0035,0x002f,0x00ff;0,11,10,16,22,23,49,13,43,45,51,21;cloud-config-service.rtc.aliyuncs.com;0x001d,0x0017,0x001e,0x0019,0x0018;0,1,2;h2,http/1.1;0x0403,0x0503,0x0603,0x0807,0x0808,0x0809,0x080a,0x080b,0x0804,0x0805,0x0806,0x0401,0x0501,0x0601,0x0303,0x0203,0x0301,0x0201;0x0304,0x0303,0x0302,0x0301;Jul 20, 2024 18:13:10.902036000 CEST
192.168.3.28;139.196.67.154;64863;443;;;6;1;0x0303;0x1301,0x1302,0x1303,0xc02b,0xc02c,0xcca9,0xc02f,0xc030,0xcca8,0xc009,0xc00a,0xc013,0xc014,0x009c,0x009d,0x002f,0x0035;0,23,65281,10,11,35,16,5,13,51,45,43,21;vpp-license-proxy.aliyuncs.com;0x001d,0x0017,0x0018;0;http/1.1;0x0403,0x0804,0x0401,0x0503,0x0805,0x0501,0x0806,0x0601,0x0201;0x0304,0x0303,0x0302,0x0301;Jul 20, 2024 18:13:10.948749000 CEST
192.168.3.28;47.246.2.232;64866;443;;;6;1;0x0303;0x1301,0x1302,0x1303,0xc02b,0xc02c,0xcca9,0xc02f,0xc030,0xcca8,0xc009,0xc00a,0xc013,0xc014,0x009c,0x009d,0x002f,0x0035;0,23,65281,10,11,5,13,51,45,43,21;global-orange-source.alibaba.com;0x001d,0x0017,0x0018;0;;0x0403,0x0804,0x0401,0x0503,0x0805,0x0501,0x0806,0x0601,0x0201;0x0304,0x0303,0x0302,0x0301;Jul 20, 2024 18:13:10.970654000 CEST
192.168.3.28;47.246.2.230;64867;443;;;6;1;0x0303;0x1301,0x1302,0x1303,0xc02b,0xc02c,0xcca9,0xc02f,0xc030,0xcca8,0xc009,0xc00a,0xc013,0xc014,0x009c,0x009d,0x002f,0x0035;0,23,65281,10,11,35,16,5,13,51,45,43,21;dinamicx.alibabausercontent.com;0x001d,0x0017,0x0018;0;http/1.1;0x0403,0x0804,0x0401,0x0503,0x0805,0x0501,0x0806,0x0601,0x0201;0x0304,0x0303,0x0302,0x0301;Jul 20, 2024 18:13:10.990387000 CEST
192.168.3.28;47.246.2.230;64868;443;;;6;1;0x0303;0x1301,0x1302,0x1303,0xc02b,0xc02c,0xcca9,0xc02f,0xc030,0xcca8,0xc009,0xc00a,0xc013,0xc014,0x009c,0x009d,0x002f,0x0035;0,23,65281,10,11,35,16,5,13,51,45,43,21;dinamicx.alibabausercontent.com;0x001d,0x0017,0x0018;0;http/1.1;0x0403,0x0804,0x0401,0x0503,0x0805,0x0501,0x0806,0x0601,0x0201;0x0304,0x0303,0x0302,0x0301;Jul 20, 2024 18:13:11.015607000 CEST
47.246.2.232;192.168.3.28;443;64866;;;6;2;0x0303;0x1302;43,51;;;;;;0x0304;Jul 20, 2024 18:13:11.037341000 CEST
192.168.3.28;47.246.2.230;64869;443;;;6;1;0x0303;0x1301,0x1302,0x1303,0xc02b,0xc02c,0xcca9,0xc02f,0xc030,0xcca8,0xc009,0xc00a,0xc013,0xc014,0x009c,0x009d,0x002f,0x0035;0,23,65281,10,11,35,16,5,13,51,45,43,21;dinamicx.alibabausercontent.com;0x001d,0x0017,0x0018;0;http/1.1;0x0403,0x0804,0x0401,0x0503,0x0805,0x0501,0x0806,0x0601,0x0201;0x0304,0x0303,0x0302,0x0301;Jul 20, 2024 18:13:11.038921000 CEST
47.246.2.230;192.168.3.28;443;64867;;;6;2;0x0303;0x1302;43,51;;;;;;0x0304;Jul 20, 2024 18:13:11.056714000 CEST
47.246.2.230;192.168.3.28;443;64868;;;6;2;0x0303;0x1302;43,51;;;;;;0x0304;Jul 20, 2024 18:13:11.082957000 CEST
192.168.3.28;163.181.130.185;64871;443;;;6;1;0x0303;0x1301,0x1302,0x1303,0xc02b,0xc02c,0xcca9,0xc02f,0xc030,0xcca8,0xc013,0xc014,0x009c,0x009d,0x002f,0x0035;0,23,65281,10,11,35,16,5,13,51,45,43,21;ae01.alicdn.com;0x001d,0x0017,0x0018;0;h2,http/1.1;0x0403,0x0804,0x0401,0x0503,0x0805,0x0501,0x0806,0x0601,0x0201;0x0304,0x0303;Jul 20, 2024 18:13:11.094275000 CEST
192.168.3.28;163.181.130.185;64870;443;;;6;1;0x0303;0x1301,0x1302,0x1303,0xc02b,0xc02c,0xcca9,0xc02f,0xc030,0xcca8,0xc013,0xc014,0x009c,0x009d,0x002f,0x0035;0,23,65281,10,11,35,16,5,13,51,45,43,21;ae01.alicdn.com;0x001d,0x0017,0x0018;0;h2,http/1.1;0x0403,0x0804,0x0401,0x0503,0x0805,0x0501,0x0806,0x0601,0x0201;0x0304,0x0303;Jul 20, 2024 18:13:11.099432000 CEST
47.246.2.230;192.168.3.28;443;64869;;;6;2;0x0303;0x1302;43,51;;;;;;0x0304;Jul 20, 2024 18:13:11.101609000 CEST
192.168.3.28;163.181.130.185;64872;443;;;6;1;0x0303;0x1301,0x1302,0x1303,0xc02b,0xc02c,0xcca9,0xc02f,0xc030,0xcca8,0xc013,0xc014,0x009c,0x009d,0x002f,0x0035;0,23,65281,10,11,35,16,5,13,51,45,43,21;ae01.alicdn.com;0x001d,0x0017,0x0018;0;h2,http/1.1;0x0403,0x0804,0x0401,0x0503,0x0805,0x0501,0x0806,0x0601,0x0201;0x0304,0x0303;Jul 20, 2024 18:13:11.104593000 CEST
163.181.130.185;192.168.3.28;443;64870;;;6;2;0x0303;0x1302;43,51;;;;;;0x0304;Jul 20, 2024 18:13:11.126535000 CEST
163.181.130.185;192.168.3.28;443;64872;;;6;2;0x0303;0x1302;43,51;;;;;;0x0304;Jul 20, 2024 18:13:11.136623000 CEST
192.168.3.28;2.23.97.32;64873;443;;;6;1;0x0303;0x1301,0x1302,0x1303,0xc02b,0xc02c,0xcca9,0xc02f,0xc030,0xcca8,0xc013,0xc014,0x009c,0x009d,0x002f,0x0035;0,23,65281,10,11,35,16,5,13,51,45,43,21;ae04.alicdn.com;0x001d,0x0017,0x0018;0;h2,http/1.1;0x0403,0x0804,0x0401,0x0503,0x0805,0x0501,0x0806,0x0601,0x0201;0x0304,0x0303;Jul 20, 2024 18:13:11.137639000 CEST
163.181.130.185;192.168.3.28;443;64871;;;6;2;0x0303;0x1302;43,51;;;;;;0x0304;Jul 20, 2024 18:13:11.171902000 CEST
139.196.67.154;192.168.3.28;443;64863;;;6;2;0x0303;0xc02b;65281,0,11,35,16,23;;;0,1,2;http/1.1;;;Jul 20, 2024 18:13:11.202931000 CEST
47.246.64.77;192.168.3.28;443;64860;;;6;2;0x0303;0xc02b;65281,11,35,16,23;;;0,1,2;http/1.1;;;Jul 20, 2024 18:13:11.204530000 CEST
2.23.97.32;192.168.3.28;443;64873;;;6;2;0x0303;0x1302;43,51;;;;;;0x0304;Jul 20, 2024 18:13:11.204532000 CEST
192.168.3.28;104.96.145.31;64877;443;;;6;1;0x0303;0x2a2a,0x1301,0x1302,0x1303,0xc02b,0xc02f,0xc02c,0xc030,0xcca9,0xcca8,0xc013,0xc014,0x009c,0x009d,0x002f,0x0035;39578,0,23,65281,10,11,35,16,5,13,18,51,45,43,27,17513,31354,21;www.aliexpress.com;0x8a8a,0x001d,0x0017,0x0018;0;h2,http/1.1;0x0403,0x0804,0x0401,0x0503,0x0805,0x0501,0x0806,0x0601;0x9a9a,0x0304,0x0303,0x0302,0x0301;Jul 20, 2024 18:13:11.210054000 CEST
192.168.3.28;47.246.2.230;64875;443;;;6;1;0x0303;0x1301,0x1302,0x1303,0xc02b,0xc02c,0xcca9,0xc02f,0xc030,0xcca8,0xc009,0xc00a,0xc013,0xc014,0x009c,0x009d,0x002f,0x0035;0,23,65281,10,11,35,16,5,13,51,45,43,41;dinamicx.alibabausercontent.com;0x001d,0x0017,0x0018;0;http/1.1;0x0403,0x0804,0x0401,0x0503,0x0805,0x0501,0x0806,0x0601,0x0201;0x0304,0x0303,0x0302,0x0301;Jul 20, 2024 18:13:11.215531000 CEST
192.168.3.28;47.246.2.230;64876;443;;;6;1;0x0303;0x1301,0x1302,0x1303,0xc02b,0xc02c,0xcca9,0xc02f,0xc030,0xcca8,0xc009,0xc00a,0xc013,0xc014,0x009c,0x009d,0x002f,0x0035;0,23,65281,10,11,35,16,5,13,51,45,43,41;dinamicx.alibabausercontent.com;0x001d,0x0017,0x0018;0;http/1.1;0x0403,0x0804,0x0401,0x0503,0x0805,0x0501,0x0806,0x0601,0x0201;0x0304,0x0303,0x0302,0x0301;Jul 20, 2024 18:13:11.216319000 CEST
192.168.3.28;104.96.145.31;64878;443;;;6;1;0x0303;0x9a9a,0x1301,0x1302,0x1303,0xc02b,0xc02f,0xc02c,0xc030,0xcca9,0xcca8,0xc013,0xc014,0x009c,0x009d,0x002f,0x0035;23130,0,23,65281,10,11,35,16,5,13,18,51,45,43,27,17513,47802,21;www.aliexpress.com;0x8a8a,0x001d,0x0017,0x0018;0;h2,http/1.1;0x0403,0x0804,0x0401,0x0503,0x0805,0x0501,0x0806,0x0601;0x1a1a,0x0304,0x0303,0x0302,0x0301;Jul 20, 2024 18:13:11.227577000 CEST
104.96.145.31;192.168.3.28;443;64877;;;6;2;0x0303;0xc02c;65281,0,11,35,5,16;;;0,1,2;h2;;;Jul 20, 2024 18:13:11.293827000 CEST
104.96.145.31;192.168.3.28;443;64878;;;6;2;0x0303;0xc02c;65281,0,11,35,5,16;;;0,1,2;h2;;;Jul 20, 2024 18:13:11.295650000 CEST
192.168.3.28;47.246.2.232;64879;443;;;6;1;0x0303;0x1301,0x1302,0x1303,0xc02b,0xc02c,0xcca9,0xc02f,0xc030,0xcca8,0xc009,0xc00a,0xc013,0xc014,0x009c,0x009d,0x002f,0x0035;0,23,65281,10,11,5,13,51,45,43,21;global-orange-source.alibaba.com;0x001d,0x0017,0x0018;0;;0x0403,0x0804,0x0401,0x0503,0x0805,0x0501,0x0806,0x0601,0x0201;0x0304,0x0303,0x0302,0x0301;Jul 20, 2024 18:13:11.298823000 CEST
47.246.2.230;192.168.3.28;443;64875;;;6;2;0x0303;0x1302;43,51,41;;;;;;0x0304;Jul 20, 2024 18:13:11.311756000 CEST
47.246.2.230;192.168.3.28;443;64876;;;6;2;0x0303;0x1302;43,51,41;;;;;;0x0304;Jul 20, 2024 18:13:11.313962000 CEST
47.246.2.232;192.168.3.28;443;64879;;;6;2;0x0303;0x1302;43,51;;;;;;0x0304;Jul 20, 2024 18:13:11.381696000 CEST
192.168.3.28;163.181.130.185;64882;443;;;6;1;0x0303;0xcaca,0x1301,0x1302,0x1303,0xc02b,0xc02f,0xc02c,0xc030,0xcca9,0xcca8,0xc013,0xc014,0x009c,0x009d,0x002f,0x0035;60138,0,23,65281,10,11,35,16,5,13,18,51,45,43,27,17513,56026,21;ae01.alicdn.com;0xfafa,0x001d,0x0017,0x0018;0;h2,http/1.1;0x0403,0x0804,0x0401,0x0503,0x0805,0x0501,0x0806,0x0601;0x5a5a,0x0304,0x0303,0x0302,0x0301;Jul 20, 2024 18:13:11.604558000 CEST
192.168.3.28;23.203.124.132;64883;443;;;6;1;0x0303;0x7a7a,0x1301,0x1302,0x1303,0xc02b,0xc02f,0xc02c,0xc030,0xcca9,0xcca8,0xc013,0xc014,0x009c,0x009d,0x002f,0x0035;6682,0,23,65281,10,11,35,16,5,13,18,51,45,43,27,17513,43690,21;s.go-mpulse.net;0xdada,0x001d,0x0017,0x0018;0;h2,http/1.1;0x0403,0x0804,0x0401,0x0503,0x0805,0x0501,0x0806,0x0601;0xeaea,0x0304,0x0303,0x0302,0x0301;Jul 20, 2024 18:13:11.622282000 CEST
192.168.3.28;47.246.2.232;64881;443;;;6;1;0x0303;0x1301,0x1302,0x1303,0xc02b,0xc02c,0xcca9,0xc02f,0xc030,0xcca8,0xc009,0xc00a,0xc013,0xc014,0x009c,0x009d,0x002f,0x0035;0,23,65281,10,11,5,13,51,45,43,21;global-orange-source.alibaba.com;0x001d,0x0017,0x0018;0;;0x0403,0x0804,0x0401,0x0503,0x0805,0x0501,0x0806,0x0601,0x0201;0x0304,0x0303,0x0302,0x0301;Jul 20, 2024 18:13:11.634821000 CEST
23.203.124.132;192.168.3.28;443;64883;;;6;2;0x0303;0x1302;43,51;;;;;;0x0304;Jul 20, 2024 18:13:11.638649000 CEST
163.181.130.185;192.168.3.28;443;64882;;;6;2;0x0303;0x1302;43,51;;;;;;0x0304;Jul 20, 2024 18:13:11.644133000 CEST
47.246.2.232;192.168.3.28;443;64881;;;6;2;0x0303;0x1302;43,51;;;;;;0x0304;Jul 20, 2024 18:13:11.700009000 CEST
192.168.3.28;47.246.2.231;64884;443;;;6;1;0x0303;0x1301,0x1302,0x1303,0xc02b,0xc02c,0xcca9,0xc02f,0xc030,0xcca8,0xc009,0xc00a,0xc013,0xc014,0x009c,0x009d,0x002f,0x0035;0,23,65281,10,11,35,16,5,13,51,45,43,21;video-sdk-cert-cdn.aliyuncs.com;0x001d,0x0017,0x0018;0;http/1.1;0x0403,0x0804,0x0401,0x0503,0x0805,0x0501,0x0806,0x0601,0x0201;0x0304,0x0303,0x0302,0x0301;Jul 20, 2024 18:13:11.812253000 CEST
47.246.2.231;192.168.3.28;443;64884;;;6;2;0x0303;0x1302;43,51;;;;;;0x0304;Jul 20, 2024 18:13:11.875256000 CEST
192.168.3.28;163.181.130.185;64887;443;;;6;1;0x0303;0x1301,0x1302,0x1303,0xc02b,0xc02c,0xcca9,0xc02f,0xc030,0xcca8,0xc009,0xc00a,0xc013,0xc014,0x009c,0x009d,0x002f,0x0035;0,23,65281,10,11,35,16,5,13,51,45,43,21;ae01.alicdn.com;0x001d,0x0017,0x0018;0;http/1.1;0x0403,0x0804,0x0401,0x0503,0x0805,0x0501,0x0806,0x0601,0x0201;0x0304,0x0303,0x0302,0x0301;Jul 20, 2024 18:13:11.902030000 CEST
192.168.3.28;2.22.112.154;64888;443;;;6;1;0x0303;0xaaaa,0x1301,0x1302,0x1303,0xc02b,0xc02f,0xc02c,0xc030,0xcca9,0xcca8,0xc013,0xc014,0x009c,0x009d,0x002f,0x0035;39578,0,23,65281,10,11,35,16,5,13,18,51,45,43,27,17513,31354,21;c.go-mpulse.net;0xeaea,0x001d,0x0017,0x0018;0;h2,http/1.1;0x0403,0x0804,0x0401,0x0503,0x0805,0x0501,0x0806,0x0601;0x1a1a,0x0304,0x0303,0x0302,0x0301;Jul 20, 2024 18:13:11.927908000 CEST
163.181.130.185;192.168.3.28;443;64887;;;6;2;0x0303;0x1302;43,51;;;;;;0x0304;Jul 20, 2024 18:13:11.929014000 CEST
192.168.3.28;163.181.130.185;64890;443;;;6;1;0x0303;0x1301,0x1302,0x1303,0xc02b,0xc02c,0xcca9,0xc02f,0xc030,0xcca8,0xc009,0xc00a,0xc013,0xc014,0x009c,0x009d,0x002f,0x0035;0,23,65281,10,11,5,13,51,45,43,21;ae01.alicdn.com;0x001d,0x0017,0x0018;0;;0x0403,0x0804,0x0401,0x0503,0x0805,0x0501,0x0806,0x0601,0x0201;0x0304,0x0303,0x0302,0x0301;Jul 20, 2024 18:13:11.929244000 CEST
2.22.112.154;192.168.3.28;443;64888;;;6;2;0x0303;0x1302;43,51;;;;;;0x0304;Jul 20, 2024 18:13:11.963294000 CEST
192.168.3.28;47.246.2.232;64889;443;;;6;1;0x0303;0x1301,0x1302,0x1303,0xc02b,0xc02c,0xcca9,0xc02f,0xc030,0xcca8,0xc009,0xc00a,0xc013,0xc014,0x009c,0x009d,0x002f,0x0035;0,23,65281,10,11,5,13,51,45,43,21;global-orange-source.alibaba.com;0x001d,0x0017,0x0018;0;;0x0403,0x0804,0x0401,0x0503,0x0805,0x0501,0x0806,0x0601,0x0201;0x0304,0x0303,0x0302,0x0301;Jul 20, 2024 18:13:11.964218000 CEST
163.181.130.185;192.168.3.28;443;64890;;;6;2;0x0303;0x1302;43,51;;;;;;0x0304;Jul 20, 2024 18:13:11.970092000 CEST
47.246.2.232;192.168.3.28;443;64889;;;6;2;0x0303;0x1302;43,51;;;;;;0x0304;Jul 20, 2024 18:13:12.027466000 CEST
192.168.3.28;216.239.38.223;64891;443;;;6;1;0x0303;0x1301,0x1302,0x1303,0xc02b,0xc02c,0xcca9,0xc02f,0xc030,0xcca8,0xc009,0xc00a,0xc013,0xc014,0x009c,0x009d,0x002f,0x0035;0,23,65281,10,11,5,13,51,45,43,21;play.googleapis.com;0x001d,0x0017,0x0018;0;;0x0403,0x0804,0x0401,0x0503,0x0805,0x0501,0x0806,0x0601,0x0201;0x0304,0x0303,0x0302,0x0301;Jul 20, 2024 18:13:13.222003000 CEST
216.239.38.223;192.168.3.28;443;64891;;;6;2;0x0303;0x1301;51,43;;;;;;0x0304;Jul 20, 2024 18:13:13.266835000 CEST
192.168.3.28;216.239.38.223;64893;443;;;6;1;0x0303;0x1301,0x1302,0x1303,0xc02b,0xc02c,0xcca9,0xc02f,0xc030,0xcca8,0xc009,0xc00a,0xc013,0xc014,0x009c,0x009d,0x002f,0x0035;0,23,65281,10,11,5,13,51,45,43,21;play.googleapis.com;0x001d,0x0017,0x0018;0;;0x0403,0x0804,0x0401,0x0503,0x0805,0x0501,0x0806,0x0601,0x0201;0x0304,0x0303,0x0302,0x0301;Jul 20, 2024 18:13:13.658651000 CEST
216.239.38.223;192.168.3.28;443;64893;;;6;2;0x0303;0x1301;51,43;;;;;;0x0304;Jul 20, 2024 18:13:13.693005000 CEST
192.168.3.28;216.239.38.223;64894;443;;;6;1;0x0303;0x1301,0x1302,0x1303,0xc02b,0xc02c,0xcca9,0xc02f,0xc030,0xcca8,0xc009,0xc00a,0xc013,0xc014,0x009c,0x009d,0x002f,0x0035;0,23,65281,10,11,5,13,51,45,43,21;play.googleapis.com;0x001d,0x0017,0x0018;0;;0x0403,0x0804,0x0401,0x0503,0x0805,0x0501,0x0806,0x0601,0x0201;0x0304,0x0303,0x0302,0x0301;Jul 20, 2024 18:13:14.507785000 CEST
216.239.38.223;192.168.3.28;443;64894;;;6;2;0x0303;0x1301;51,43;;;;;;0x0304;Jul 20, 2024 18:13:14.540977000 CEST
192.168.3.28;47.246.131.180;64896;443;;;6;1;0x0303;0x1301,0x1302,0x1303,0xc02b,0xc02c,0xcca9,0xc02f,0xc030,0xcca8,0xc009,0xc00a,0xc013,0xc014,0x009c,0x009d,0x002f,0x0035;0,23,65281,10,11,5,13,51,45,43,21;amdc.aliexpress.com;0x001d,0x0017,0x0018;0;;0x0403,0x0804,0x0401,0x0503,0x0805,0x0501,0x0806,0x0601,0x0201;0x0304,0x0303,0x0302,0x0301;Jul 20, 2024 18:13:15.258209000 CEST
47.246.131.180;192.168.3.28;443;64896;;;6;2;0x0303;0xc02f;65281,0,11,23;;;0,1,2;;;;Jul 20, 2024 18:13:15.382206000 CEST
192.168.3.28;47.246.2.232;64900;443;;;6;1;0x0303;0x1301,0x1302,0x1303,0xc02b,0xc02c,0xcca9,0xc02f,0xc030,0xcca8,0xc009,0xc00a,0xc013,0xc014,0x009c,0x009d,0x002f,0x0035;0,23,65281,10,11,5,13,51,45,43,21;global-orange-source.alibaba.com;0x001d,0x0017,0x0018;0;;0x0403,0x0804,0x0401,0x0503,0x0805,0x0501,0x0806,0x0601,0x0201;0x0304,0x0303,0x0302,0x0301;Jul 20, 2024 18:13:18.543668000 CEST
192.168.3.28;163.181.130.185;64901;443;;;6;1;0x0303;0x1301,0x1302,0x1303,0xc02b,0xc02c,0xcca9,0xc02f,0xc030,0xcca8,0xc009,0xc00a,0xc013,0xc014,0x009c,0x009d,0x002f,0x0035;0,23,65281,10,11,35,16,5,13,51,45,43,41;ae01.alicdn.com;0x001d,0x0017,0x0018;0;http/1.1;0x0403,0x0804,0x0401,0x0503,0x0805,0x0501,0x0806,0x0601,0x0201;0x0304,0x0303,0x0302,0x0301;Jul 20, 2024 18:13:18.599090000 CEST
47.246.2.232;192.168.3.28;443;64900;;;6;2;0x0303;0x1302;43,51;;;;;;0x0304;Jul 20, 2024 18:13:18.625988000 CEST
163.181.130.185;192.168.3.28;443;64901;;;6;2;0x0303;0x1302;43,51,41;;;;;;0x0304;Jul 20, 2024 18:13:18.881949000 CEST
192.168.3.28;47.246.2.232;64903;443;;;6;1;0x0303;0x1301,0x1302,0x1303,0xc02b,0xc02c,0xcca9,0xc02f,0xc030,0xcca8,0xc009,0xc00a,0xc013,0xc014,0x009c,0x009d,0x002f,0x0035;0,23,65281,10,11,5,13,51,45,43,21;global-orange-source.alibaba.com;0x001d,0x0017,0x0018;0;;0x0403,0x0804,0x0401,0x0503,0x0805,0x0501,0x0806,0x0601,0x0201;0x0304,0x0303,0x0302,0x0301;Jul 20, 2024 18:13:18.909029000 CEST
47.246.2.232;192.168.3.28;443;64903;;;6;2;0x0303;0x1302;43,51;;;;;;0x0304;Jul 20, 2024 18:13:18.970843000 CEST
192.168.3.28;47.246.2.232;64905;443;;;6;1;0x0303;0x1301,0x1302,0x1303,0xc02b,0xc02c,0xcca9,0xc02f,0xc030,0xcca8,0xc009,0xc00a,0xc013,0xc014,0x009c,0x009d,0x002f,0x0035;0,23,65281,10,11,5,13,51,45,43,21;global-orange-source.alibaba.com;0x001d,0x0017,0x0018;0;;0x0403,0x0804,0x0401,0x0503,0x0805,0x0501,0x0806,0x0601,0x0201;0x0304,0x0303,0x0302,0x0301;Jul 20, 2024 18:13:19.217710000 CEST
47.246.2.232;192.168.3.28;443;64905;;;6;2;0x0303;0x1302;43,51;;;;;;0x0304;Jul 20, 2024 18:13:19.288970000 CEST
192.168.3.28;47.246.131.180;64906;443;;;6;1;0x0303;0x1301,0x1302,0x1303,0xc02b,0xc02c,0xcca9,0xc02f,0xc030,0xcca8,0xc009,0xc00a,0xc013,0xc014,0x009c,0x009d,0x002f,0x0035;0,23,65281,10,11,5,13,51,45,43,21;amdc.aliexpress.com;0x001d,0x0017,0x0018;0;;0x0403,0x0804,0x0401,0x0503,0x0805,0x0501,0x0806,0x0601,0x0201;0x0304,0x0303,0x0302,0x0301;Jul 20, 2024 18:13:19.327717000 CEST
192.168.3.28;47.246.2.232;64908;443;;;6;1;0x0303;0x1301,0x1302,0x1303,0xc02b,0xc02c,0xcca9,0xc02f,0xc030,0xcca8,0xc009,0xc00a,0xc013,0xc014,0x009c,0x009d,0x002f,0x0035;0,23,65281,10,11,5,13,51,45,43,21;global-orange-source.alibaba.com;0x001d,0x0017,0x0018;0;;0x0403,0x0804,0x0401,0x0503,0x0805,0x0501,0x0806,0x0601,0x0201;0x0304,0x0303,0x0302,0x0301;Jul 20, 2024 18:13:19.519765000 CEST
47.246.2.232;192.168.3.28;443;64908;;;6;2;0x0303;0x1302;43,51;;;;;;0x0304;Jul 20, 2024 18:13:19.648418000 CEST
192.168.3.28;47.246.2.232;64911;443;;;6;1;0x0303;0x1301,0x1302,0x1303,0xc02b,0xc02c,0xcca9,0xc02f,0xc030,0xcca8,0xc009,0xc00a,0xc013,0xc014,0x009c,0x009d,0x002f,0x0035;0,23,65281,10,11,5,13,51,45,43,21;global-orange-source.alibaba.com;0x001d,0x0017,0x0018;0;;0x0403,0x0804,0x0401,0x0503,0x0805,0x0501,0x0806,0x0601,0x0201;0x0304,0x0303,0x0302,0x0301;Jul 20, 2024 18:13:19.949022000 CEST
47.246.2.232;192.168.3.28;443;64911;;;6;2;0x0303;0x1302;43,51;;;;;;0x0304;Jul 20, 2024 18:13:20.013353000 CEST
192.168.3.28;47.246.2.232;64913;443;;;6;1;0x0303;0x1301,0x1302,0x1303,0xc02b,0xc02c,0xcca9,0xc02f,0xc030,0xcca8,0xc009,0xc00a,0xc013,0xc014,0x009c,0x009d,0x002f,0x0035;0,23,65281,10,11,5,13,51,45,43,21;global-orange-source.alibaba.com;0x001d,0x0017,0x0018;0;;0x0403,0x0804,0x0401,0x0503,0x0805,0x0501,0x0806,0x0601,0x0201;0x0304,0x0303,0x0302,0x0301;Jul 20, 2024 18:13:20.260216000 CEST
47.246.2.232;192.168.3.28;443;64913;;;6;2;0x0303;0x1302;43,51;;;;;;0x0304;Jul 20, 2024 18:13:20.330290000 CEST
192.168.3.28;47.246.2.232;64915;443;;;6;1;0x0303;0x1301,0x1302,0x1303,0xc02b,0xc02c,0xcca9,0xc02f,0xc030,0xcca8,0xc009,0xc00a,0xc013,0xc014,0x009c,0x009d,0x002f,0x0035;0,23,65281,10,11,5,13,51,45,43,21;global-orange-source.alibaba.com;0x001d,0x0017,0x0018;0;;0x0403,0x0804,0x0401,0x0503,0x0805,0x0501,0x0806,0x0601,0x0201;0x0304,0x0303,0x0302,0x0301;Jul 20, 2024 18:13:20.567921000 CEST
47.246.2.232;192.168.3.28;443;64915;;;6;2;0x0303;0x1302;43,51;;;;;;0x0304;Jul 20, 2024 18:13:20.630307000 CEST
192.168.3.28;59.82.121.73;64916;443;;;6;1;0x0303;0x1301,0x1302,0x1303,0xc02b,0xc02c,0xcca9,0xc02f,0xc030,0xcca8,0xc009,0xc00a,0xc013,0xc014,0x009c,0x009d,0x002f,0x0035;0,23,65281,10,11,35,16,5,13,51,45,43,21;audid-api.taobao.com;0x001d,0x0017,0x0018;0;http/1.1;0x0403,0x0804,0x0401,0x0503,0x0805,0x0501,0x0806,0x0601,0x0201;0x0304,0x0303,0x0302,0x0301;Jul 20, 2024 18:13:20.737566000 CEST
192.168.3.28;47.246.2.232;64918;443;;;6;1;0x0303;0x1301,0x1302,0x1303,0xc02b,0xc02c,0xcca9,0xc02f,0xc030,0xcca8,0xc009,0xc00a,0xc013,0xc014,0x009c,0x009d,0x002f,0x0035;0,23,65281,10,11,5,13,51,45,43,21;global-orange-source.alibaba.com;0x001d,0x0017,0x0018;0;;0x0403,0x0804,0x0401,0x0503,0x0805,0x0501,0x0806,0x0601,0x0201;0x0304,0x0303,0x0302,0x0301;Jul 20, 2024 18:13:20.910328000 CEST
59.82.121.73;192.168.3.28;443;64916;;;6;2;0x0303;0x1302;43,51;;;;;;0x0304;Jul 20, 2024 18:13:20.913530000 CEST
47.246.2.232;192.168.3.28;443;64918;;;6;2;0x0303;0x1302;43,51;;;;;;0x0304;Jul 20, 2024 18:13:20.974477000 CEST
192.168.3.28;47.246.2.232;64920;443;;;6;1;0x0303;0x1301,0x1302,0x1303,0xc02b,0xc02c,0xcca9,0xc02f,0xc030,0xcca8,0xc009,0xc00a,0xc013,0xc014,0x009c,0x009d,0x002f,0x0035;0,23,65281,10,11,5,13,51,45,43,21;global-orange-source.alibaba.com;0x001d,0x0017,0x0018;0;;0x0403,0x0804,0x0401,0x0503,0x0805,0x0501,0x0806,0x0601,0x0201;0x0304,0x0303,0x0302,0x0301;Jul 20, 2024 18:13:21.209457000 CEST
47.246.2.232;192.168.3.28;443;64920;;;6;2;0x0303;0x1302;43,51;;;;;;0x0304;Jul 20, 2024 18:13:21.278953000 CEST
192.168.3.28;47.246.2.232;64922;443;;;6;1;0x0303;0x1301,0x1302,0x1303,0xc02b,0xc02c,0xcca9,0xc02f,0xc030,0xcca8,0xc009,0xc00a,0xc013,0xc014,0x009c,0x009d,0x002f,0x0035;0,23,65281,10,11,5,13,51,45,43,21;global-orange-source.alibaba.com;0x001d,0x0017,0x0018;0;;0x0403,0x0804,0x0401,0x0503,0x0805,0x0501,0x0806,0x0601,0x0201;0x0304,0x0303,0x0302,0x0301;Jul 20, 2024 18:13:21.507955000 CEST
192.168.3.28;104.96.145.31;64923;443;;;6;1;0x0303;0x0a0a,0x1301,0x1302,0x1303,0xc02b,0xc02f,0xc02c,0xc030,0xcca9,0xcca8,0xc013,0xc014,0x009c,0x009d,0x002f,0x0035;2570,0,23,65281,10,11,35,16,5,13,18,51,45,43,27,17513,23130,21;assets.alicdn.com;0xbaba,0x001d,0x0017,0x0018;0;h2,http/1.1;0x0403,0x0804,0x0401,0x0503,0x0805,0x0501,0x0806,0x0601;0x3a3a,0x0304,0x0303,0x0302,0x0301;Jul 20, 2024 18:13:21.576012000 CEST
192.168.3.28;104.96.145.31;64929;443;;;6;1;0x0303;0x0a0a,0x1301,0x1302,0x1303,0xc02b,0xc02f,0xc02c,0xc030,0xcca9,0xcca8,0xc013,0xc014,0x009c,0x009d,0x002f,0x0035;6682,0,23,65281,10,11,35,16,5,13,18,51,45,43,27,17513,35466,21;assets.alicdn.com;0xdada,0x001d,0x0017,0x0018;0;h2,http/1.1;0x0403,0x0804,0x0401,0x0503,0x0805,0x0501,0x0806,0x0601;0xbaba,0x0304,0x0303,0x0302,0x0301;Jul 20, 2024 18:13:21.576199000 CEST
192.168.3.28;104.96.145.31;64927;443;;;6;1;0x0303;0xbaba,0x1301,0x1302,0x1303,0xc02b,0xc02f,0xc02c,0xc030,0xcca9,0xcca8,0xc013,0xc014,0x009c,0x009d,0x002f,0x0035;56026,0,23,65281,10,11,35,16,5,13,18,51,45,43,27,17513,27242,21;assets.alicdn.com;0xaaaa,0x001d,0x0017,0x0018;0;h2,http/1.1;0x0403,0x0804,0x0401,0x0503,0x0805,0x0501,0x0806,0x0601;0xaaaa,0x0304,0x0303,0x0302,0x0301;Jul 20, 2024 18:13:21.576279000 CEST
192.168.3.28;104.96.145.31;64926;443;;;6;1;0x0303;0xeaea,0x1301,0x1302,0x1303,0xc02b,0xc02f,0xc02c,0xc030,0xcca9,0xcca8,0xc013,0xc014,0x009c,0x009d,0x002f,0x0035;35466,0,23,65281,10,11,35,16,5,13,18,51,45,43,27,17513,2570,21;assets.alicdn.com;0x4a4a,0x001d,0x0017,0x0018;0;h2,http/1.1;0x0403,0x0804,0x0401,0x0503,0x0805,0x0501,0x0806,0x0601;0xdada,0x0304,0x0303,0x0302,0x0301;Jul 20, 2024 18:13:21.576341000 CEST
192.168.3.28;104.96.145.31;64925;443;;;6;1;0x0303;0xaaaa,0x1301,0x1302,0x1303,0xc02b,0xc02f,0xc02c,0xc030,0xcca9,0xcca8,0xc013,0xc014,0x009c,0x009d,0x002f,0x0035;39578,0,23,65281,10,11,35,16,5,13,18,51,45,43,27,17513,27242,21;assets.alicdn.com;0x2a2a,0x001d,0x0017,0x0018;0;h2,http/1.1;0x0403,0x0804,0x0401,0x0503,0x0805,0x0501,0x0806,0x0601;0x3a3a,0x0304,0x0303,0x0302,0x0301;Jul 20, 2024 18:13:21.576502000 CEST
192.168.3.28;104.96.145.31;64928;443;;;6;1;0x0303;0x1301,0x1302,0x1303,0xc02b,0xc02c,0xcca9,0xc02f,0xc030,0xcca8,0xc009,0xc00a,0xc013,0xc014,0x009c,0x009d,0x002f,0x0035;0,23,65281,10,11,35,16,5,13,51,45,43,21;assets.alicdn.com;0x001d,0x0017,0x0018;0;http/1.1;0x0403,0x0804,0x0401,0x0503,0x0805,0x0501,0x0806,0x0601,0x0201;0x0304,0x0303,0x0302,0x0301;Jul 20, 2024 18:13:21.576531000 CEST
192.168.3.28;104.96.145.31;64924;443;;;6;1;0x0303;0x7a7a,0x1301,0x1302,0x1303,0xc02b,0xc02f,0xc02c,0xc030,0xcca9,0xcca8,0xc013,0xc014,0x009c,0x009d,0x002f,0x0035;14906,0,23,65281,10,11,35,16,5,13,18,51,45,43,27,17513,51914,21;assets.alicdn.com;0xfafa,0x001d,0x0017,0x0018;0;h2,http/1.1;0x0403,0x0804,0x0401,0x0503,0x0805,0x0501,0x0806,0x0601;0x6a6a,0x0304,0x0303,0x0302,0x0301;Jul 20, 2024 18:13:21.576562000 CEST
192.168.3.28;104.96.145.31;64930;443;;;6;1;0x0303;0x1301,0x1302,0x1303,0xc02b,0xc02c,0xcca9,0xc02f,0xc030,0xcca8,0xc009,0xc00a,0xc013,0xc014,0x009c,0x009d,0x002f,0x0035;0,23,65281,10,11,35,16,5,13,51,45,43,21;assets.alicdn.com;0x001d,0x0017,0x0018;0;http/1.1;0x0403,0x0804,0x0401,0x0503,0x0805,0x0501,0x0806,0x0601,0x0201;0x0304,0x0303,0x0302,0x0301;Jul 20, 2024 18:13:21.576592000 CEST
192.168.3.28;104.96.145.31;64931;443;;;6;1;0x0303;0x1301,0x1302,0x1303,0xc02b,0xc02c,0xcca9,0xc02f,0xc030,0xcca8,0xc009,0xc00a,0xc013,0xc014,0x009c,0x009d,0x002f,0x0035;0,23,65281,10,11,35,16,5,13,51,45,43,21;assets.alicdn.com;0x001d,0x0017,0x0018;0;http/1.1;0x0403,0x0804,0x0401,0x0503,0x0805,0x0501,0x0806,0x0601,0x0201;0x0304,0x0303,0x0302,0x0301;Jul 20, 2024 18:13:21.576874000 CEST
192.168.3.28;104.96.145.31;64932;443;;;6;1;0x0303;0x1301,0x1302,0x1303,0xc02b,0xc02c,0xcca9,0xc02f,0xc030,0xcca8,0xc009,0xc00a,0xc013,0xc014,0x009c,0x009d,0x002f,0x0035;0,23,65281,10,11,35,16,5,13,51,45,43,21;assets.alicdn.com;0x001d,0x0017,0x0018;0;http/1.1;0x0403,0x0804,0x0401,0x0503,0x0805,0x0501,0x0806,0x0601,0x0201;0x0304,0x0303,0x0302,0x0301;Jul 20, 2024 18:13:21.586621000 CEST
192.168.3.28;104.96.145.31;64933;443;;;6;1;0x0303;0x1301,0x1302,0x1303,0xc02b,0xc02c,0xcca9,0xc02f,0xc030,0xcca8,0xc009,0xc00a,0xc013,0xc014,0x009c,0x009d,0x002f,0x0035;0,23,65281,10,11,35,16,5,13,51,45,43,21;assets.alicdn.com;0x001d,0x0017,0x0018;0;http/1.1;0x0403,0x0804,0x0401,0x0503,0x0805,0x0501,0x0806,0x0601,0x0201;0x0304,0x0303,0x0302,0x0301;Jul 20, 2024 18:13:21.586703000 CEST
192.168.3.28;104.96.145.31;64934;443;;;6;1;0x0303;0x1301,0x1302,0x1303,0xc02b,0xc02c,0xcca9,0xc02f,0xc030,0xcca8,0xc009,0xc00a,0xc013,0xc014,0x009c,0x009d,0x002f,0x0035;0,23,65281,10,11,35,16,5,13,51,45,43,21;assets.alicdn.com;0x001d,0x0017,0x0018;0;http/1.1;0x0403,0x0804,0x0401,0x0503,0x0805,0x0501,0x0806,0x0601,0x0201;0x0304,0x0303,0x0302,0x0301;Jul 20, 2024 18:13:21.586714000 CEST
47.246.2.232;192.168.3.28;443;64922;;;6;2;0x0303;0x1302;43,51;;;;;;0x0304;Jul 20, 2024 18:13:21.587420000 CEST
192.168.3.28;104.96.145.31;64935;443;;;6;1;0x0303;0x1301,0x1302,0x1303,0xc02b,0xc02c,0xcca9,0xc02f,0xc030,0xcca8,0xc009,0xc00a,0xc013,0xc014,0x009c,0x009d,0x002f,0x0035;0,23,65281,10,11,35,16,5,13,51,45,43,21;assets.alicdn.com;0x001d,0x0017,0x0018;0;http/1.1;0x0403,0x0804,0x0401,0x0503,0x0805,0x0501,0x0806,0x0601,0x0201;0x0304,0x0303,0x0302,0x0301;Jul 20, 2024 18:13:21.588236000 CEST
104.96.145.31;192.168.3.28;443;64923;;;6;2;0x0303;0xc02c;65281,0,11,35,5,16;;;0,1,2;h2;;;Jul 20, 2024 18:13:21.624401000 CEST
104.96.145.31;192.168.3.28;443;64929;;;6;2;0x0303;0xc02c;65281,0,11,35,5,16;;;0,1,2;h2;;;Jul 20, 2024 18:13:21.633422000 CEST
104.96.145.31;192.168.3.28;443;64927;;;6;2;0x0303;0xc02c;65281,0,11,35,5,16;;;0,1,2;h2;;;Jul 20, 2024 18:13:21.641310000 CEST
104.96.145.31;192.168.3.28;443;64926;;;6;2;0x0303;0xc02c;65281,0,11,35,5,16;;;0,1,2;h2;;;Jul 20, 2024 18:13:21.641311000 CEST
104.96.145.31;192.168.3.28;443;64925;;;6;2;0x0303;0xc02c;65281,0,11,35,5,16;;;0,1,2;h2;;;Jul 20, 2024 18:13:21.655222000 CEST
104.96.145.31;192.168.3.28;443;64928;;;6;2;0x0303;0xc02c;65281,0,11,35,5,16;;;0,1,2;http/1.1;;;Jul 20, 2024 18:13:21.656131000 CEST
104.96.145.31;192.168.3.28;443;64924;;;6;2;0x0303;0xc02c;65281,0,11,35,5,16;;;0,1,2;h2;;;Jul 20, 2024 18:13:21.661016000 CEST
104.96.145.31;192.168.3.28;443;64930;;;6;2;0x0303;0xc02c;65281,0,11,35,5,16;;;0,1,2;http/1.1;;;Jul 20, 2024 18:13:21.661017000 CEST
104.96.145.31;192.168.3.28;443;64931;;;6;2;0x0303;0xc02c;65281,0,11,35,5,16;;;0,1,2;http/1.1;;;Jul 20, 2024 18:13:21.661019000 CEST
104.96.145.31;192.168.3.28;443;64933;;;6;2;0x0303;0xc02c;65281,0,11,35,5,16;;;0,1,2;http/1.1;;;Jul 20, 2024 18:13:21.661020000 CEST
104.96.145.31;192.168.3.28;443;64932;;;6;2;0x0303;0xc02c;65281,0,11,35,5,16;;;0,1,2;http/1.1;;;Jul 20, 2024 18:13:21.662140000 CEST
104.96.145.31;192.168.3.28;443;64934;;;6;2;0x0303;0xc02c;65281,0,11,35,5,16;;;0,1,2;http/1.1;;;Jul 20, 2024 18:13:21.666038000 CEST
104.96.145.31;192.168.3.28;443;64935;;;6;2;0x0303;0xc02c;65281,0,11,35,5,16;;;0,1,2;http/1.1;;;Jul 20, 2024 18:13:21.667693000 CEST
192.168.3.28;47.246.2.232;64937;443;;;6;1;0x0303;0x1301,0x1302,0x1303,0xc02b,0xc02c,0xcca9,0xc02f,0xc030,0xcca8,0xc009,0xc00a,0xc013,0xc014,0x009c,0x009d,0x002f,0x0035;0,23,65281,10,11,5,13,51,45,43,21;global-orange-source.alibaba.com;0x001d,0x0017,0x0018;0;;0x0403,0x0804,0x0401,0x0503,0x0805,0x0501,0x0806,0x0601,0x0201;0x0304,0x0303,0x0302,0x0301;Jul 20, 2024 18:13:21.860411000 CEST
47.246.2.232;192.168.3.28;443;64937;;;6;2;0x0303;0x1302;43,51;;;;;;0x0304;Jul 20, 2024 18:13:21.935697000 CEST
192.168.3.28;163.181.130.185;64939;443;;;6;1;0x0303;0x1301,0x1302,0x1303,0xc02b,0xc02c,0xcca9,0xc02f,0xc030,0xcca8,0xc009,0xc00a,0xc013,0xc014,0x009c,0x009d,0x002f,0x0035;0,23,65281,10,11,5,13,51,45,43,21;ae01.alicdn.com;0x001d,0x0017,0x0018;0;;0x0403,0x0804,0x0401,0x0503,0x0805,0x0501,0x0806,0x0601,0x0201;0x0304,0x0303,0x0302,0x0301;Jul 20, 2024 18:13:21.968859000 CEST
163.181.130.185;192.168.3.28;443;64939;;;6;2;0x0303;0x1302;43,51;;;;;;0x0304;Jul 20, 2024 18:13:22.001623000 CEST
192.168.3.28;47.246.2.232;64943;443;;;6;1;0x0303;0x1301,0x1302,0x1303,0xc02b,0xc02c,0xcca9,0xc02f,0xc030,0xcca8,0xc009,0xc00a,0xc013,0xc014,0x009c,0x009d,0x002f,0x0035;0,23,65281,10,11,5,13,51,45,43,21;global-orange-source.alibaba.com;0x001d,0x0017,0x0018;0;;0x0403,0x0804,0x0401,0x0503,0x0805,0x0501,0x0806,0x0601,0x0201;0x0304,0x0303,0x0302,0x0301;Jul 20, 2024 18:13:22.158122000 CEST
47.246.2.232;192.168.3.28;443;64943;;;6;2;0x0303;0x1302;43,51;;;;;;0x0304;Jul 20, 2024 18:13:22.220685000 CEST
192.168.3.28;123.183.232.65;64945;443;;;6;1;0x0303;0x4a4a,0x1301,0x1302,0x1303,0xc02b,0xc02f,0xc02c,0xc030,0xcca9,0xcca8,0xc013,0xc014,0x009c,0x009d,0x002f,0x0035;35466,0,23,65281,10,11,35,16,5,13,18,51,45,43,27,17513,51914,21;bdc.alibabachengdun.com;0xfafa,0x001d,0x0017,0x0018;0;h2,http/1.1;0x0403,0x0804,0x0401,0x0503,0x0805,0x0501,0x0806,0x0601;0x2a2a,0x0304,0x0303,0x0302,0x0301;Jul 20, 2024 18:13:22.295948000 CEST
192.168.3.28;123.183.232.34;64944;443;;;6;1;0x0303;0xaaaa,0x1301,0x1302,0x1303,0xc02b,0xc02f,0xc02c,0xc030,0xcca9,0xcca8,0xc013,0xc014,0x009c,0x009d,0x002f,0x0035;23130,0,23,65281,10,11,35,16,5,13,18,51,45,43,27,17513,14906,21;fourier.taobao.com;0xfafa,0x001d,0x0017,0x0018;0;h2,http/1.1;0x0403,0x0804,0x0401,0x0503,0x0805,0x0501,0x0806,0x0601;0xeaea,0x0304,0x0303,0x0302,0x0301;Jul 20, 2024 18:13:22.295977000 CEST
192.168.3.28;47.246.110.44;64942;443;;;6;1;0x0303;0x2a2a,0x1301,0x1302,0x1303,0xc02b,0xc02f,0xc02c,0xc030,0xcca9,0xcca8,0xc013,0xc014,0x009c,0x009d,0x002f,0x0035;64250,0,23,65281,10,11,35,16,5,13,18,51,45,43,27,17513,60138,21;ae.mmstat.com;0x4a4a,0x001d,0x0017,0x0018;0;h2,http/1.1;0x0403,0x0804,0x0401,0x0503,0x0805,0x0501,0x0806,0x0601;0xaaaa,0x0304,0x0303,0x0302,0x0301;Jul 20, 2024 18:13:22.319425000 CEST
192.168.3.28;47.246.110.44;64941;443;;;6;1;0x0303;0xbaba,0x1301,0x1302,0x1303,0xc02b,0xc02f,0xc02c,0xc030,0xcca9,0xcca8,0xc013,0xc014,0x009c,0x009d,0x002f,0x0035;10794,0,23,65281,10,11,35,16,5,13,18,51,45,43,27,17513,60138,21;ae.mmstat.com;0xcaca,0x001d,0x0017,0x0018;0;h2,http/1.1;0x0403,0x0804,0x0401,0x0503,0x0805,0x0501,0x0806,0x0601;0xdada,0x0304,0x0303,0x0302,0x0301;Jul 20, 2024 18:13:22.334779000 CEST
192.168.3.28;23.236.112.179;64947;443;;;6;1;0x0303;0x1301,0x1302,0x1303,0xc02b,0xc02c,0xcca9,0xc02f,0xc030,0xcca8,0xc013,0xc014,0x009c,0x009d,0x002f,0x0035;0,23,65281,10,11,35,16,5,13,51,45,43,21;gcp-img.slatic.net;0x001d,0x0017,0x0018;0;h2,http/1.1;0x0403,0x0804,0x0401,0x0503,0x0805,0x0501,0x0806,0x0601,0x0201;0x0304,0x0303;Jul 20, 2024 18:13:22.345392000 CEST
23.236.112.179;192.168.3.28;443;64947;;;6;2;0x0303;0x1302;43,51;;;;;;0x0304;Jul 20, 2024 18:13:22.383328000 CEST
192.168.3.28;47.246.2.232;64949;443;;;6;1;0x0303;0x1301,0x1302,0x1303,0xc02b,0xc02c,0xcca9,0xc02f,0xc030,0xcca8,0xc009,0xc00a,0xc013,0xc014,0x009c,0x009d,0x002f,0x0035;0,23,65281,10,11,5,13,51,45,43,21;global-orange-source.alibaba.com;0x001d,0x0017,0x0018;0;;0x0403,0x0804,0x0401,0x0503,0x0805,0x0501,0x0806,0x0601,0x0201;0x0304,0x0303,0x0302,0x0301;Jul 20, 2024 18:13:22.458336000 CEST
123.183.232.65;192.168.3.28;443;64945;;;6;2;0x0303;0xc02f;65281,0,11,35,16,23;;;0,1,2;http/1.1;;;Jul 20, 2024 18:13:22.497196000 CEST
123.183.232.34;192.168.3.28;443;64944;;;6;2;0x0303;0x1302;43,51;;;;;;0x0304;Jul 20, 2024 18:13:22.501325000 CEST
47.246.2.232;192.168.3.28;443;64949;;;6;2;0x0303;0x1302;43,51;;;;;;0x0304;Jul 20, 2024 18:13:22.520350000 CEST
192.168.3.28;47.246.110.44;64946;443;;;6;1;0x0303;0xfafa,0x1301,0x1302,0x1303,0xc02b,0xc02f,0xc02c,0xc030,0xcca9,0xcca8,0xc013,0xc014,0x009c,0x009d,0x002f,0x0035;60138,0,23,65281,10,11,35,16,5,13,18,51,45,43,27,17513,47802,21;ae.mmstat.com;0x3a3a,0x001d,0x0017,0x0018;0;h2,http/1.1;0x0403,0x0804,0x0401,0x0503,0x0805,0x0501,0x0806,0x0601;0xeaea,0x0304,0x0303,0x0302,0x0301;Jul 20, 2024 18:13:22.553873000 CEST
192.168.3.28;163.181.130.185;64954;443;;;6;1;0x0303;0x1301,0x1302,0x1303,0xc02b,0xc02c,0xcca9,0xc02f,0xc030,0xcca8,0xc013,0xc014,0x009c,0x009d,0x002f,0x0035;0,23,65281,10,11,35,16,5,13,51,45,43,21;g.alicdn.com;0x001d,0x0017,0x0018;0;h2,http/1.1;0x0403,0x0804,0x0401,0x0503,0x0805,0x0501,0x0806,0x0601,0x0201;0x0304,0x0303;Jul 20, 2024 18:13:22.597480000 CEST
192.168.3.28;163.181.130.185;64951;443;;;6;1;0x0303;0x1301,0x1302,0x1303,0xc02b,0xc02c,0xcca9,0xc02f,0xc030,0xcca8,0xc013,0xc014,0x009c,0x009d,0x002f,0x0035;0,23,65281,10,11,35,16,5,13,51,45,43,21;g.alicdn.com;0x001d,0x0017,0x0018;0;h2,http/1.1;0x0403,0x0804,0x0401,0x0503,0x0805,0x0501,0x0806,0x0601,0x0201;0x0304,0x0303;Jul 20, 2024 18:13:22.598140000 CEST
192.168.3.28;163.181.130.185;64953;443;;;6;1;0x0303;0x1301,0x1302,0x1303,0xc02b,0xc02c,0xcca9,0xc02f,0xc030,0xcca8,0xc013,0xc014,0x009c,0x009d,0x002f,0x0035;0,23,65281,10,11,35,16,5,13,51,45,43,21;g.alicdn.com;0x001d,0x0017,0x0018;0;h2,http/1.1;0x0403,0x0804,0x0401,0x0503,0x0805,0x0501,0x0806,0x0601,0x0201;0x0304,0x0303;Jul 20, 2024 18:13:22.598197000 CEST
192.168.3.28;163.181.130.185;64952;443;;;6;1;0x0303;0x1301,0x1302,0x1303,0xc02b,0xc02c,0xcca9,0xc02f,0xc030,0xcca8,0xc013,0xc014,0x009c,0x009d,0x002f,0x0035;0,23,65281,10,11,35,16,5,13,51,45,43,21;g.alicdn.com;0x001d,0x0017,0x0018;0;h2,http/1.1;0x0403,0x0804,0x0401,0x0503,0x0805,0x0501,0x0806,0x0601,0x0201;0x0304,0x0303;Jul 20, 2024 18:13:22.599301000 CEST
47.246.110.44;192.168.3.28;443;64942;;;6;2;0x0303;0xc02f;0,65281,11,35,16;;;0,1,2;h2;;;Jul 20, 2024 18:13:22.609041000 CEST
163.181.130.185;192.168.3.28;443;64951;;;6;2;0x0303;0x1302;43,51;;;;;;0x0304;Jul 20, 2024 18:13:22.625301000 CEST
163.181.130.185;192.168.3.28;443;64954;;;6;2;0x0303;0x1302;43,51;;;;;;0x0304;Jul 20, 2024 18:13:22.625303000 CEST
163.181.130.185;192.168.3.28;443;64953;;;6;2;0x0303;0x1302;43,51;;;;;;0x0304;Jul 20, 2024 18:13:22.625305000 CEST
163.181.130.185;192.168.3.28;443;64952;;;6;2;0x0303;0x1302;43,51;;;;;;0x0304;Jul 20, 2024 18:13:22.626962000 CEST
192.168.3.28;163.181.130.185;64955;443;;;6;1;0x0303;0x1301,0x1302,0x1303,0xc02b,0xc02c,0xcca9,0xc02f,0xc030,0xcca8,0xc013,0xc014,0x009c,0x009d,0x002f,0x0035;0,23,65281,10,11,35,16,5,13,51,45,43,21;g.alicdn.com;0x001d,0x0017,0x0018;0;h2,http/1.1;0x0403,0x0804,0x0401,0x0503,0x0805,0x0501,0x0806,0x0601,0x0201;0x0304,0x0303;Jul 20, 2024 18:13:22.628639000 CEST
47.246.110.44;192.168.3.28;443;64941;;;6;2;0x0303;0xc02f;0,65281,11,35,16;;;0,1,2;h2;;;Jul 20, 2024 18:13:22.645427000 CEST
163.181.130.185;192.168.3.28;443;64955;;;6;2;0x0303;0x1302;43,51;;;;;;0x0304;Jul 20, 2024 18:13:22.655078000 CEST
192.168.3.28;47.246.2.232;64959;443;;;6;1;0x0303;0x1301,0x1302,0x1303,0xc02b,0xc02c,0xcca9,0xc02f,0xc030,0xcca8,0xc009,0xc00a,0xc013,0xc014,0x009c,0x009d,0x002f,0x0035;0,23,65281,10,11,5,13,51,45,43,21;global-orange-source.alibaba.com;0x001d,0x0017,0x0018;0;;0x0403,0x0804,0x0401,0x0503,0x0805,0x0501,0x0806,0x0601,0x0201;0x0304,0x0303,0x0302,0x0301;Jul 20, 2024 18:13:22.721088000 CEST
47.246.2.232;192.168.3.28;443;64959;;;6;2;0x0303;0x1302;43,51;;;;;;0x0304;Jul 20, 2024 18:13:22.787960000 CEST
192.168.3.28;47.246.146.66;64962;443;;;6;1;0x0303;0x2a2a,0x1301,0x1302,0x1303,0xc02b,0xc02f,0xc02c,0xc030,0xcca9,0xcca8,0xc013,0xc014,0x009c,0x009d,0x002f,0x0035;47802,0,23,65281,10,11,35,16,5,13,18,51,45,43,27,17513,14906,21;fourier.aliexpress.com;0x6a6a,0x001d,0x0017,0x0018;0;h2,http/1.1;0x0403,0x0804,0x0401,0x0503,0x0805,0x0501,0x0806,0x0601;0x7a7a,0x0304,0x0303,0x0302,0x0301;Jul 20, 2024 18:13:22.818082000 CEST
192.168.3.28;163.181.130.185;64963;443;;;6;1;0x0303;0x1301,0x1302,0x1303,0xc02b,0xc02c,0xcca9,0xc02f,0xc030,0xcca8,0xc009,0xc00a,0xc013,0xc014,0x009c,0x009d,0x002f,0x0035;0,23,65281,10,11,5,13,51,45,43,21;ae01.alicdn.com;0x001d,0x0017,0x0018;0;;0x0403,0x0804,0x0401,0x0503,0x0805,0x0501,0x0806,0x0601,0x0201;0x0304,0x0303,0x0302,0x0301;Jul 20, 2024 18:13:22.851345000 CEST
47.246.146.66;192.168.3.28;443;64962;;;6;2;0x0303;0xc02b;65281,0,11,35,16,23;;;0,1,2;h2;;;Jul 20, 2024 18:13:22.851387000 CEST
47.246.110.44;192.168.3.28;443;64946;;;6;2;0x0303;0xc02f;0,65281,11,35,16;;;0,1,2;h2;;;Jul 20, 2024 18:13:22.854927000 CEST
163.181.130.185;192.168.3.28;443;64963;;;6;2;0x0303;0x1302;43,51;;;;;;0x0304;Jul 20, 2024 18:13:22.877409000 CEST
192.168.3.28;47.246.2.232;64967;443;;;6;1;0x0303;0x1301,0x1302,0x1303,0xc02b,0xc02c,0xcca9,0xc02f,0xc030,0xcca8,0xc009,0xc00a,0xc013,0xc014,0x009c,0x009d,0x002f,0x0035;0,23,65281,10,11,5,13,51,45,43,21;global-orange-source.alibaba.com;0x001d,0x0017,0x0018;0;;0x0403,0x0804,0x0401,0x0503,0x0805,0x0501,0x0806,0x0601,0x0201;0x0304,0x0303,0x0302,0x0301;Jul 20, 2024 18:13:23.055738000 CEST
192.168.3.28;104.96.145.31;64969;443;;;6;1;0x0303;0x1301,0x1302,0x1303,0xc02b,0xc02c,0xcca9,0xc02f,0xc030,0xcca8,0xc013,0xc014,0x009c,0x009d,0x002f,0x0035;0,23,65281,10,11,35,16,5,13,51,45,43,21;assets.alicdn.com;0x001d,0x0017,0x0018;0;h2,http/1.1;0x0403,0x0804,0x0401,0x0503,0x0805,0x0501,0x0806,0x0601,0x0201;0x0304,0x0303;Jul 20, 2024 18:13:23.056450000 CEST
192.168.3.28;104.96.145.31;64968;443;;;6;1;0x0303;0x1301,0x1302,0x1303,0xc02b,0xc02c,0xcca9,0xc02f,0xc030,0xcca8,0xc013,0xc014,0x009c,0x009d,0x002f,0x0035;0,23,65281,10,11,35,16,5,13,51,45,43,21;assets.alicdn.com;0x001d,0x0017,0x0018;0;h2,http/1.1;0x0403,0x0804,0x0401,0x0503,0x0805,0x0501,0x0806,0x0601,0x0201;0x0304,0x0303;Jul 20, 2024 18:13:23.057115000 CEST
192.168.3.28;47.246.2.232;64966;443;;;6;1;0x0303;0x1301,0x1302,0x1303,0xc02b,0xc02c,0xcca9,0xc02f,0xc030,0xcca8,0xc009,0xc00a,0xc013,0xc014,0x009c,0x009d,0x002f,0x0035;0,23,65281,10,11,5,13,51,45,43,21;global-orange-source.alibaba.com;0x001d,0x0017,0x0018;0;;0x0403,0x0804,0x0401,0x0503,0x0805,0x0501,0x0806,0x0601,0x0201;0x0304,0x0303,0x0302,0x0301;Jul 20, 2024 18:13:23.057947000 CEST
192.168.3.28;104.96.145.31;64970;443;;;6;1;0x0303;0x1301,0x1302,0x1303,0xc02b,0xc02c,0xcca9,0xc02f,0xc030,0xcca8,0xc013,0xc014,0x009c,0x009d,0x002f,0x0035;0,23,65281,10,11,35,16,5,13,51,45,43,21;assets.alicdn.com;0x001d,0x0017,0x0018;0;h2,http/1.1;0x0403,0x0804,0x0401,0x0503,0x0805,0x0501,0x0806,0x0601,0x0201;0x0304,0x0303;Jul 20, 2024 18:13:23.059668000 CEST
104.96.145.31;192.168.3.28;443;64969;;;6;2;0x0303;0xc02c;65281,0,11,35,5,16;;;0,1,2;h2;;;Jul 20, 2024 18:13:23.073988000 CEST
104.96.145.31;192.168.3.28;443;64968;;;6;2;0x0303;0xc02c;65281,0,11,35,5,16;;;0,1,2;h2;;;Jul 20, 2024 18:13:23.073993000 CEST
104.96.145.31;192.168.3.28;443;64970;;;6;2;0x0303;0xc02c;65281,0,11,35,5,16;;;0,1,2;h2;;;Jul 20, 2024 18:13:23.080614000 CEST
192.168.3.28;104.96.145.31;64972;443;;;6;1;0x0303;0x1301,0x1302,0x1303,0xc02b,0xc02c,0xcca9,0xc02f,0xc030,0xcca8,0xc013,0xc014,0x009c,0x009d,0x002f,0x0035;0,23,65281,10,11,35,16,5,13,51,45,43,21;assets.alicdn.com;0x001d,0x0017,0x0018;0;h2,http/1.1;0x0403,0x0804,0x0401,0x0503,0x0805,0x0501,0x0806,0x0601,0x0201;0x0304,0x0303;Jul 20, 2024 18:13:23.091735000 CEST
192.168.3.28;104.96.145.31;64971;443;;;6;1;0x0303;0x1301,0x1302,0x1303,0xc02b,0xc02c,0xcca9,0xc02f,0xc030,0xcca8,0xc013,0xc014,0x009c,0x009d,0x002f,0x0035;0,23,65281,10,11,35,16,5,13,51,45,43,21;assets.alicdn.com;0x001d,0x0017,0x0018;0;h2,http/1.1;0x0403,0x0804,0x0401,0x0503,0x0805,0x0501,0x0806,0x0601,0x0201;0x0304,0x0303;Jul 20, 2024 18:13:23.096629000 CEST
104.96.145.31;192.168.3.28;443;64972;;;6;2;0x0303;0xc02c;65281,0,11,35,5,16;;;0,1,2;h2;;;Jul 20, 2024 18:13:23.117632000 CEST
104.96.145.31;192.168.3.28;443;64971;;;6;2;0x0303;0xc02c;65281,0,11,35,5,16;;;0,1,2;h2;;;Jul 20, 2024 18:13:23.117634000 CEST
47.246.2.232;192.168.3.28;443;64967;;;6;2;0x0303;0x1302;43,51;;;;;;0x0304;Jul 20, 2024 18:13:23.120640000 CEST
47.246.2.232;192.168.3.28;443;64966;;;6;2;0x0303;0x1302;43,51;;;;;;0x0304;Jul 20, 2024 18:13:23.135517000 CEST
192.168.3.28;47.246.2.232;64976;443;;;6;1;0x0303;0x1301,0x1302,0x1303,0xc02b,0xc02c,0xcca9,0xc02f,0xc030,0xcca8,0xc009,0xc00a,0xc013,0xc014,0x009c,0x009d,0x002f,0x0035;0,23,65281,10,11,5,13,51,45,43,21;global-orange-source.alibaba.com;0x001d,0x0017,0x0018;0;;0x0403,0x0804,0x0401,0x0503,0x0805,0x0501,0x0806,0x0601,0x0201;0x0304,0x0303,0x0302,0x0301;Jul 20, 2024 18:13:23.389895000 CEST
192.168.3.28;47.246.2.232;64975;443;;;6;1;0x0303;0x1301,0x1302,0x1303,0xc02b,0xc02c,0xcca9,0xc02f,0xc030,0xcca8,0xc009,0xc00a,0xc013,0xc014,0x009c,0x009d,0x002f,0x0035;0,23,65281,10,11,5,13,51,45,43,21;global-orange-source.alibaba.com;0x001d,0x0017,0x0018;0;;0x0403,0x0804,0x0401,0x0503,0x0805,0x0501,0x0806,0x0601,0x0201;0x0304,0x0303,0x0302,0x0301;Jul 20, 2024 18:13:23.391252000 CEST
47.246.2.232;192.168.3.28;443;64976;;;6;2;0x0303;0x1302;43,51;;;;;;0x0304;Jul 20, 2024 18:13:23.468720000 CEST
47.246.2.232;192.168.3.28;443;64975;;;6;2;0x0303;0x1302;43,51;;;;;;0x0304;Jul 20, 2024 18:13:23.468721000 CEST
192.168.3.28;47.246.2.232;64981;443;;;6;1;0x0303;0x1301,0x1302,0x1303,0xc02b,0xc02c,0xcca9,0xc02f,0xc030,0xcca8,0xc009,0xc00a,0xc013,0xc014,0x009c,0x009d,0x002f,0x0035;0,23,65281,10,11,5,13,51,45,43,21;global-orange-source.alibaba.com;0x001d,0x0017,0x0018;0;;0x0403,0x0804,0x0401,0x0503,0x0805,0x0501,0x0806,0x0601,0x0201;0x0304,0x0303,0x0302,0x0301;Jul 20, 2024 18:13:24.780155000 CEST
192.168.3.28;47.246.2.232;64980;443;;;6;1;0x0303;0x1301,0x1302,0x1303,0xc02b,0xc02c,0xcca9,0xc02f,0xc030,0xcca8,0xc009,0xc00a,0xc013,0xc014,0x009c,0x009d,0x002f,0x0035;0,23,65281,10,11,5,13,51,45,43,21;global-orange-source.alibaba.com;0x001d,0x0017,0x0018;0;;0x0403,0x0804,0x0401,0x0503,0x0805,0x0501,0x0806,0x0601,0x0201;0x0304,0x0303,0x0302,0x0301;Jul 20, 2024 18:13:24.781688000 CEST
192.168.3.28;47.246.44.249;64982;443;;;6;1;0x0303;0x4a4a,0x1301,0x1302,0x1303,0xc02b,0xc02f,0xc02c,0xc030,0xcca9,0xcca8,0xc013,0xc014,0x009c,0x009d,0x002f,0x0035;35466,0,23,65281,10,11,35,16,5,13,18,51,45,43,27,17513,2570,21;at.alicdn.com;0xeaea,0x001d,0x0017,0x0018;0;h2,http/1.1;0x0403,0x0804,0x0401,0x0503,0x0805,0x0501,0x0806,0x0601;0x4a4a,0x0304,0x0303,0x0302,0x0301;Jul 20, 2024 18:13:25.056657000 CEST
47.246.2.232;192.168.3.28;443;64981;;;6;2;0x0303;0x1302;43,51;;;;;;0x0304;Jul 20, 2024 18:13:25.238836000 CEST
192.168.3.28;47.246.44.249;64983;443;;;6;1;0x0303;0x3a3a,0x1301,0x1302,0x1303,0xc02b,0xc02f,0xc02c,0xc030,0xcca9,0xcca8,0xc013,0xc014,0x009c,0x009d,0x002f,0x0035;39578,0,23,65281,10,11,35,16,5,13,18,51,45,43,27,17513,43690,21;at.alicdn.com;0x2a2a,0x001d,0x0017,0x0018;0;h2,http/1.1;0x0403,0x0804,0x0401,0x0503,0x0805,0x0501,0x0806,0x0601;0xaaaa,0x0304,0x0303,0x0302,0x0301;Jul 20, 2024 18:13:25.246970000 CEST
47.246.2.232;192.168.3.28;443;64980;;;6;2;0x0303;0x1302;43,51;;;;;;0x0304;Jul 20, 2024 18:13:25.307384000 CEST
47.246.44.249;192.168.3.28;443;64982;;;6;2;0x0303;0x1302;43,51;;;;;;0x0304;Jul 20, 2024 18:13:25.594032000 CEST
47.246.44.249;192.168.3.28;443;64983;;;6;2;0x0303;0x1302;43,51;;;;;;0x0304;Jul 20, 2024 18:13:26.023057000 CEST
192.168.3.28;2.19.217.159;49454;443;;;6;1;0x0303;0x4a4a,0x1301,0x1302,0x1303,0xc02c,0xc02b,0xcca9,0xc030,0xc02f,0xcca8,0xc00a,0xc009,0xc014,0xc013,0x009d,0x009c,0x0035,0x002f,0xc008,0xc012,0x000a;2570,0,23,65281,10,11,16,5,13,18,51,45,43,27,6682,21;help.apple.com;0xfafa,0x001d,0x0017,0x0018,0x0019;0;http/1.1;0x0403,0x0804,0x0401,0x0503,0x0203,0x0805,0x0805,0x0501,0x0806,0x0601,0x0201;0x2a2a,0x0304,0x0303,0x0302,0x0301;Jul 20, 2024 18:13:26.439760000 CEST
2.19.217.159;192.168.3.28;443;49454;;;6;2;0x0303;0x1302;43,51;;;;;;0x0304;Jul 20, 2024 18:13:26.467833000 CEST
192.168.3.28;47.246.2.232;64988;443;;;6;1;0x0303;0x1301,0x1302,0x1303,0xc02b,0xc02c,0xcca9,0xc02f,0xc030,0xcca8,0xc009,0xc00a,0xc013,0xc014,0x009c,0x009d,0x002f,0x0035;0,23,65281,10,11,5,13,51,45,43,21;global-orange-source.alibaba.com;0x001d,0x0017,0x0018;0;;0x0403,0x0804,0x0401,0x0503,0x0805,0x0501,0x0806,0x0601,0x0201;0x0304,0x0303,0x0302,0x0301;Jul 20, 2024 18:13:26.468833000 CEST
192.168.3.28;47.246.2.232;64989;443;;;6;1;0x0303;0x1301,0x1302,0x1303,0xc02b,0xc02c,0xcca9,0xc02f,0xc030,0xcca8,0xc009,0xc00a,0xc013,0xc014,0x009c,0x009d,0x002f,0x0035;0,23,65281,10,11,5,13,51,45,43,21;global-orange-source.alibaba.com;0x001d,0x0017,0x0018;0;;0x0403,0x0804,0x0401,0x0503,0x0805,0x0501,0x0806,0x0601,0x0201;0x0304,0x0303,0x0302,0x0301;Jul 20, 2024 18:13:26.479063000 CEST
47.246.2.232;192.168.3.28;443;64988;;;6;2;0x0303;0x1302;43,51;;;;;;0x0304;Jul 20, 2024 18:13:26.560361000 CEST
47.246.2.232;192.168.3.28;443;64989;;;6;2;0x0303;0x1302;43,51;;;;;;0x0304;Jul 20, 2024 18:13:26.560363000 CEST
192.168.3.28;47.246.2.232;64994;443;;;6;1;0x0303;0x1301,0x1302,0x1303,0xc02b,0xc02c,0xcca9,0xc02f,0xc030,0xcca8,0xc009,0xc00a,0xc013,0xc014,0x009c,0x009d,0x002f,0x0035;0,23,65281,10,11,5,13,51,45,43,21;global-orange-source.alibaba.com;0x001d,0x0017,0x0018;0;;0x0403,0x0804,0x0401,0x0503,0x0805,0x0501,0x0806,0x0601,0x0201;0x0304,0x0303,0x0302,0x0301;Jul 20, 2024 18:13:26.946583000 CEST
192.168.3.28;47.246.2.232;64993;443;;;6;1;0x0303;0x1301,0x1302,0x1303,0xc02b,0xc02c,0xcca9,0xc02f,0xc030,0xcca8,0xc009,0xc00a,0xc013,0xc014,0x009c,0x009d,0x002f,0x0035;0,23,65281,10,11,5,13,51,45,43,21;global-orange-source.alibaba.com;0x001d,0x0017,0x0018;0;;0x0403,0x0804,0x0401,0x0503,0x0805,0x0501,0x0806,0x0601,0x0201;0x0304,0x0303,0x0302,0x0301;Jul 20, 2024 18:13:26.946610000 CEST
192.168.3.28;47.246.173.218;64990;443;;;6;1;0x0303;0x1301,0x1302,0x1303,0xc02b,0xc02c,0xcca9,0xc02f,0xc030,0xcca8,0xc009,0xc00a,0xc013,0xc014,0x009c,0x009d,0x002f,0x0035;0,23,65281,10,11,5,13,51,45,43,21;amdc.aliexpress.com;0x001d,0x0017,0x0018;0;;0x0403,0x0804,0x0401,0x0503,0x0805,0x0501,0x0806,0x0601,0x0201;0x0304,0x0303,0x0302,0x0301;Jul 20, 2024 18:13:26.967903000 CEST
47.246.2.232;192.168.3.28;443;64994;;;6;2;0x0303;0x1302;43,51;;;;;;0x0304;Jul 20, 2024 18:13:27.020149000 CEST
47.246.2.232;192.168.3.28;443;64993;;;6;2;0x0303;0x1302;43,51;;;;;;0x0304;Jul 20, 2024 18:13:27.020150000 CEST
192.168.3.28;47.246.2.232;64997;443;;;6;1;0x0303;0x1301,0x1302,0x1303,0xc02b,0xc02c,0xcca9,0xc02f,0xc030,0xcca8,0xc009,0xc00a,0xc013,0xc014,0x009c,0x009d,0x002f,0x0035;0,23,65281,10,11,5,13,51,45,43,21;global-orange-source.alibaba.com;0x001d,0x0017,0x0018;0;;0x0403,0x0804,0x0401,0x0503,0x0805,0x0501,0x0806,0x0601,0x0201;0x0304,0x0303,0x0302,0x0301;Jul 20, 2024 18:13:27.276219000 CEST
47.246.173.218;192.168.3.28;443;64990;;;6;2;0x0303;0xc02f;65281,0,11,23;;;0,1,2;;;;Jul 20, 2024 18:13:27.277419000 CEST
192.168.3.28;47.246.2.232;64998;443;;;6;1;0x0303;0x1301,0x1302,0x1303,0xc02b,0xc02c,0xcca9,0xc02f,0xc030,0xcca8,0xc009,0xc00a,0xc013,0xc014,0x009c,0x009d,0x002f,0x0035;0,23,65281,10,11,5,13,51,45,43,21;global-orange-source.alibaba.com;0x001d,0x0017,0x0018;0;;0x0403,0x0804,0x0401,0x0503,0x0805,0x0501,0x0806,0x0601,0x0201;0x0304,0x0303,0x0302,0x0301;Jul 20, 2024 18:13:27.278367000 CEST
47.246.2.232;192.168.3.28;443;64998;;;6;2;0x0303;0x1302;43,51;;;;;;0x0304;Jul 20, 2024 18:13:27.353856000 CEST
47.246.2.232;192.168.3.28;443;64997;;;6;2;0x0303;0x1302;43,51;;;;;;0x0304;Jul 20, 2024 18:13:27.355920000 CEST
192.168.3.28;47.246.2.232;65001;443;;;6;1;0x0303;0x1301,0x1302,0x1303,0xc02b,0xc02c,0xcca9,0xc02f,0xc030,0xcca8,0xc009,0xc00a,0xc013,0xc014,0x009c,0x009d,0x002f,0x0035;0,23,65281,10,11,5,13,51,45,43,21;global-orange-source.alibaba.com;0x001d,0x0017,0x0018;0;;0x0403,0x0804,0x0401,0x0503,0x0805,0x0501,0x0806,0x0601,0x0201;0x0304,0x0303,0x0302,0x0301;Jul 20, 2024 18:13:27.586903000 CEST
192.168.3.28;47.246.2.232;65002;443;;;6;1;0x0303;0x1301,0x1302,0x1303,0xc02b,0xc02c,0xcca9,0xc02f,0xc030,0xcca8,0xc009,0xc00a,0xc013,0xc014,0x009c,0x009d,0x002f,0x0035;0,23,65281,10,11,5,13,51,45,43,21;global-orange-source.alibaba.com;0x001d,0x0017,0x0018;0;;0x0403,0x0804,0x0401,0x0503,0x0805,0x0501,0x0806,0x0601,0x0201;0x0304,0x0303,0x0302,0x0301;Jul 20, 2024 18:13:27.586920000 CEST
47.246.2.232;192.168.3.28;443;65002;;;6;2;0x0303;0x1302;43,51;;;;;;0x0304;Jul 20, 2024 18:13:27.660995000 CEST
47.246.2.232;192.168.3.28;443;65001;;;6;2;0x0303;0x1302;43,51;;;;;;0x0304;Jul 20, 2024 18:13:27.663346000 CEST
192.168.3.28;47.246.2.232;65005;443;;;6;1;0x0303;0x1301,0x1302,0x1303,0xc02b,0xc02c,0xcca9,0xc02f,0xc030,0xcca8,0xc009,0xc00a,0xc013,0xc014,0x009c,0x009d,0x002f,0x0035;0,23,65281,10,11,5,13,51,45,43,21;global-orange-source.alibaba.com;0x001d,0x0017,0x0018;0;;0x0403,0x0804,0x0401,0x0503,0x0805,0x0501,0x0806,0x0601,0x0201;0x0304,0x0303,0x0302,0x0301;Jul 20, 2024 18:13:27.970287000 CEST
192.168.3.28;47.246.2.232;65006;443;;;6;1;0x0303;0x1301,0x1302,0x1303,0xc02b,0xc02c,0xcca9,0xc02f,0xc030,0xcca8,0xc009,0xc00a,0xc013,0xc014,0x009c,0x009d,0x002f,0x0035;0,23,65281,10,11,5,13,51,45,43,21;global-orange-source.alibaba.com;0x001d,0x0017,0x0018;0;;0x0403,0x0804,0x0401,0x0503,0x0805,0x0501,0x0806,0x0601,0x0201;0x0304,0x0303,0x0302,0x0301;Jul 20, 2024 18:13:28.059471000 CEST
47.246.2.232;192.168.3.28;443;65005;;;6;2;0x0303;0x1302;43,51;;;;;;0x0304;Jul 20, 2024 18:13:28.163640000 CEST
47.246.2.232;192.168.3.28;443;65006;;;6;2;0x0303;0x1302;43,51;;;;;;0x0304;Jul 20, 2024 18:13:28.279533000 CEST
192.168.3.28;47.246.2.230;65008;443;;;6;1;0x0303;0x1301,0x1302,0x1303,0xc02b,0xc02c,0xcca9,0xc02f,0xc030,0xcca8,0xc009,0xc00a,0xc013,0xc014,0x009c,0x009d,0x002f,0x0035;0,23,65281,10,11,35,16,5,13,51,45,43,21;dinamicx.alibabausercontent.com;0x001d,0x0017,0x0018;0;http/1.1;0x0403,0x0804,0x0401,0x0503,0x0805,0x0501,0x0806,0x0601,0x0201;0x0304,0x0303,0x0302,0x0301;Jul 20, 2024 18:13:28.442169000 CEST
47.246.2.230;192.168.3.28;443;65008;;;6;2;0x0303;0x1302;43,51;;;;;;0x0304;Jul 20, 2024 18:13:28.508981000 CEST
192.168.3.28;47.246.2.232;65009;443;;;6;1;0x0303;0x1301,0x1302,0x1303,0xc02b,0xc02c,0xcca9,0xc02f,0xc030,0xcca8,0xc009,0xc00a,0xc013,0xc014,0x009c,0x009d,0x002f,0x0035;0,23,65281,10,11,5,13,51,45,43,21;global-orange-source.alibaba.com;0x001d,0x0017,0x0018;0;;0x0403,0x0804,0x0401,0x0503,0x0805,0x0501,0x0806,0x0601,0x0201;0x0304,0x0303,0x0302,0x0301;Jul 20, 2024 18:13:28.510579000 CEST
47.246.2.232;192.168.3.28;443;65009;;;6;2;0x0303;0x1302;43,51;;;;;;0x0304;Jul 20, 2024 18:13:28.593397000 CEST
192.168.3.28;47.246.2.232;65012;443;;;6;1;0x0303;0x1301,0x1302,0x1303,0xc02b,0xc02c,0xcca9,0xc02f,0xc030,0xcca8,0xc009,0xc00a,0xc013,0xc014,0x009c,0x009d,0x002f,0x0035;0,23,65281,10,11,5,13,51,45,43,21;global-orange-source.alibaba.com;0x001d,0x0017,0x0018;0;;0x0403,0x0804,0x0401,0x0503,0x0805,0x0501,0x0806,0x0601,0x0201;0x0304,0x0303,0x0302,0x0301;Jul 20, 2024 18:13:28.842402000 CEST
47.246.2.232;192.168.3.28;443;65012;;;6;2;0x0303;0x1302;43,51;;;;;;0x0304;Jul 20, 2024 18:13:28.913356000 CEST
192.168.3.28;47.246.2.232;65014;443;;;6;1;0x0303;0x1301,0x1302,0x1303,0xc02b,0xc02c,0xcca9,0xc02f,0xc030,0xcca8,0xc009,0xc00a,0xc013,0xc014,0x009c,0x009d,0x002f,0x0035;0,23,65281,10,11,5,13,51,45,43,21;global-orange-source.alibaba.com;0x001d,0x0017,0x0018;0;;0x0403,0x0804,0x0401,0x0503,0x0805,0x0501,0x0806,0x0601,0x0201;0x0304,0x0303,0x0302,0x0301;Jul 20, 2024 18:13:29.147132000 CEST
47.246.2.232;192.168.3.28;443;65014;;;6;2;0x0303;0x1302;43,51;;;;;;0x0304;Jul 20, 2024 18:13:29.216578000 CEST
192.168.3.28;47.246.2.232;65016;443;;;6;1;0x0303;0x1301,0x1302,0x1303,0xc02b,0xc02c,0xcca9,0xc02f,0xc030,0xcca8,0xc009,0xc00a,0xc013,0xc014,0x009c,0x009d,0x002f,0x0035;0,23,65281,10,11,5,13,51,45,43,21;global-orange-source.alibaba.com;0x001d,0x0017,0x0018;0;;0x0403,0x0804,0x0401,0x0503,0x0805,0x0501,0x0806,0x0601,0x0201;0x0304,0x0303,0x0302,0x0301;Jul 20, 2024 18:13:29.563489000 CEST
47.246.2.232;192.168.3.28;443;65016;;;6;2;0x0303;0x1302;43,51;;;;;;0x0304;Jul 20, 2024 18:13:29.629751000 CEST
192.168.3.28;47.246.2.232;65018;443;;;6;1;0x0303;0x1301,0x1302,0x1303,0xc02b,0xc02c,0xcca9,0xc02f,0xc030,0xcca8,0xc009,0xc00a,0xc013,0xc014,0x009c,0x009d,0x002f,0x0035;0,23,65281,10,11,5,13,51,45,43,21;global-orange-source.alibaba.com;0x001d,0x0017,0x0018;0;;0x0403,0x0804,0x0401,0x0503,0x0805,0x0501,0x0806,0x0601,0x0201;0x0304,0x0303,0x0302,0x0301;Jul 20, 2024 18:13:29.916032000 CEST
47.246.2.232;192.168.3.28;443;65018;;;6;2;0x0303;0x1302;43,51;;;;;;0x0304;Jul 20, 2024 18:13:29.999873000 CEST
192.168.3.28;47.246.2.232;65020;443;;;6;1;0x0303;0x1301,0x1302,0x1303,0xc02b,0xc02c,0xcca9,0xc02f,0xc030,0xcca8,0xc009,0xc00a,0xc013,0xc014,0x009c,0x009d,0x002f,0x0035;0,23,65281,10,11,5,13,51,45,43,21;global-orange-source.alibaba.com;0x001d,0x0017,0x0018;0;;0x0403,0x0804,0x0401,0x0503,0x0805,0x0501,0x0806,0x0601,0x0201;0x0304,0x0303,0x0302,0x0301;Jul 20, 2024 18:13:30.273817000 CEST
47.246.2.232;192.168.3.28;443;65020;;;6;2;0x0303;0x1302;43,51;;;;;;0x0304;Jul 20, 2024 18:13:30.378702000 CEST
192.168.3.28;47.246.2.232;65022;443;;;6;1;0x0303;0x1301,0x1302,0x1303,0xc02b,0xc02c,0xcca9,0xc02f,0xc030,0xcca8,0xc009,0xc00a,0xc013,0xc014,0x009c,0x009d,0x002f,0x0035;0,23,65281,10,11,5,13,51,45,43,21;global-orange-source.alibaba.com;0x001d,0x0017,0x0018;0;;0x0403,0x0804,0x0401,0x0503,0x0805,0x0501,0x0806,0x0601,0x0201;0x0304,0x0303,0x0302,0x0301;Jul 20, 2024 18:13:30.643742000 CEST
47.246.2.232;192.168.3.28;443;65022;;;6;2;0x0303;0x1302;43,51;;;;;;0x0304;Jul 20, 2024 18:13:30.720223000 CEST
192.168.3.28;47.246.2.232;65024;443;;;6;1;0x0303;0x1301,0x1302,0x1303,0xc02b,0xc02c,0xcca9,0xc02f,0xc030,0xcca8,0xc009,0xc00a,0xc013,0xc014,0x009c,0x009d,0x002f,0x0035;0,23,65281,10,11,5,13,51,45,43,21;global-orange-source.alibaba.com;0x001d,0x0017,0x0018;0;;0x0403,0x0804,0x0401,0x0503,0x0805,0x0501,0x0806,0x0601,0x0201;0x0304,0x0303,0x0302,0x0301;Jul 20, 2024 18:13:30.947882000 CEST
47.246.2.232;192.168.3.28;443;65024;;;6;2;0x0303;0x1302;43,51;;;;;;0x0304;Jul 20, 2024 18:13:31.015511000 CEST
192.168.3.28;47.246.2.232;65026;443;;;6;1;0x0303;0x1301,0x1302,0x1303,0xc02b,0xc02c,0xcca9,0xc02f,0xc030,0xcca8,0xc009,0xc00a,0xc013,0xc014,0x009c,0x009d,0x002f,0x0035;0,23,65281,10,11,5,13,51,45,43,21;global-orange-source.alibaba.com;0x001d,0x0017,0x0018;0;;0x0403,0x0804,0x0401,0x0503,0x0805,0x0501,0x0806,0x0601,0x0201;0x0304,0x0303,0x0302,0x0301;Jul 20, 2024 18:13:31.248997000 CEST
47.246.2.232;192.168.3.28;443;65026;;;6;2;0x0303;0x1302;43,51;;;;;;0x0304;Jul 20, 2024 18:13:31.324281000 CEST
192.168.3.28;47.246.2.232;65029;443;;;6;1;0x0303;0x1301,0x1302,0x1303,0xc02b,0xc02c,0xcca9,0xc02f,0xc030,0xcca8,0xc009,0xc00a,0xc013,0xc014,0x009c,0x009d,0x002f,0x0035;0,23,65281,10,11,5,13,51,45,43,21;global-orange-source.alibaba.com;0x001d,0x0017,0x0018;0;;0x0403,0x0804,0x0401,0x0503,0x0805,0x0501,0x0806,0x0601,0x0201;0x0304,0x0303,0x0302,0x0301;Jul 20, 2024 18:13:31.588398000 CEST
47.246.2.232;192.168.3.28;443;65029;;;6;2;0x0303;0x1302;43,51;;;;;;0x0304;Jul 20, 2024 18:13:31.661615000 CEST
192.168.3.28;47.246.2.232;65031;443;;;6;1;0x0303;0x1301,0x1302,0x1303,0xc02b,0xc02c,0xcca9,0xc02f,0xc030,0xcca8,0xc009,0xc00a,0xc013,0xc014,0x009c,0x009d,0x002f,0x0035;0,23,65281,10,11,5,13,51,45,43,21;global-orange-source.alibaba.com;0x001d,0x0017,0x0018;0;;0x0403,0x0804,0x0401,0x0503,0x0805,0x0501,0x0806,0x0601,0x0201;0x0304,0x0303,0x0302,0x0301;Jul 20, 2024 18:13:31.974285000 CEST
47.246.2.232;192.168.3.28;443;65031;;;6;2;0x0303;0x1302;43,51;;;;;;0x0304;Jul 20, 2024 18:13:32.048432000 CEST
192.168.3.28;47.246.2.232;65033;443;;;6;1;0x0303;0x1301,0x1302,0x1303,0xc02b,0xc02c,0xcca9,0xc02f,0xc030,0xcca8,0xc009,0xc00a,0xc013,0xc014,0x009c,0x009d,0x002f,0x0035;0,23,65281,10,11,5,13,51,45,43,21;global-orange-source.alibaba.com;0x001d,0x0017,0x0018;0;;0x0403,0x0804,0x0401,0x0503,0x0805,0x0501,0x0806,0x0601,0x0201;0x0304,0x0303,0x0302,0x0301;Jul 20, 2024 18:13:32.401664000 CEST
47.246.2.232;192.168.3.28;443;65033;;;6;2;0x0303;0x1302;43,51;;;;;;0x0304;Jul 20, 2024 18:13:33.001698000 CEST
192.168.3.28;47.246.2.232;65035;443;;;6;1;0x0303;0x1301,0x1302,0x1303,0xc02b,0xc02c,0xcca9,0xc02f,0xc030,0xcca8,0xc009,0xc00a,0xc013,0xc014,0x009c,0x009d,0x002f,0x0035;0,23,65281,10,11,5,13,51,45,43,21;global-orange-source.alibaba.com;0x001d,0x0017,0x0018;0;;0x0403,0x0804,0x0401,0x0503,0x0805,0x0501,0x0806,0x0601,0x0201;0x0304,0x0303,0x0302,0x0301;Jul 20, 2024 18:13:33.468254000 CEST
47.246.2.232;192.168.3.28;443;65035;;;6;2;0x0303;0x1302;43,51;;;;;;0x0304;Jul 20, 2024 18:13:33.572990000 CEST
192.168.3.28;47.246.2.232;65037;443;;;6;1;0x0303;0x1301,0x1302,0x1303,0xc02b,0xc02c,0xcca9,0xc02f,0xc030,0xcca8,0xc009,0xc00a,0xc013,0xc014,0x009c,0x009d,0x002f,0x0035;0,23,65281,10,11,5,13,51,45,43,21;global-orange-source.alibaba.com;0x001d,0x0017,0x0018;0;;0x0403,0x0804,0x0401,0x0503,0x0805,0x0501,0x0806,0x0601,0x0201;0x0304,0x0303,0x0302,0x0301;Jul 20, 2024 18:13:33.812176000 CEST
47.246.2.232;192.168.3.28;443;65037;;;6;2;0x0303;0x1302;43,51;;;;;;0x0304;Jul 20, 2024 18:13:33.891442000 CEST
192.168.3.28;47.246.2.232;65039;443;;;6;1;0x0303;0x1301,0x1302,0x1303,0xc02b,0xc02c,0xcca9,0xc02f,0xc030,0xcca8,0xc009,0xc00a,0xc013,0xc014,0x009c,0x009d,0x002f,0x0035;0,23,65281,10,11,5,13,51,45,43,21;global-orange-source.alibaba.com;0x001d,0x0017,0x0018;0;;0x0403,0x0804,0x0401,0x0503,0x0805,0x0501,0x0806,0x0601,0x0201;0x0304,0x0303,0x0302,0x0301;Jul 20, 2024 18:13:34.140307000 CEST
47.246.2.232;192.168.3.28;443;65039;;;6;2;0x0303;0x1302;43,51;;;;;;0x0304;Jul 20, 2024 18:13:34.216847000 CEST
192.168.3.28;163.181.130.185;65041;443;;;6;1;0x0303;0x1301,0x1302,0x1303,0xc02b,0xc02c,0xcca9,0xc02f,0xc030,0xcca8,0xc013,0xc014,0x009c,0x009d,0x002f,0x0035;0,23,65281,10,11,35,16,5,13,51,45,43,21;g.alicdn.com;0x001d,0x0017,0x0018;0;h2,http/1.1;0x0403,0x0804,0x0401,0x0503,0x0805,0x0501,0x0806,0x0601,0x0201;0x0304,0x0303;Jul 20, 2024 18:13:34.537814000 CEST
163.181.130.185;192.168.3.28;443;65041;;;6;2;0x0303;0x1302;43,51;;;;;;0x0304;Jul 20, 2024 18:13:34.591897000 CEST
192.168.3.28;47.246.2.232;65043;443;;;6;1;0x0303;0x1301,0x1302,0x1303,0xc02b,0xc02c,0xcca9,0xc02f,0xc030,0xcca8,0xc009,0xc00a,0xc013,0xc014,0x009c,0x009d,0x002f,0x0035;0,23,65281,10,11,5,13,51,45,43,21;global-orange-source.alibaba.com;0x001d,0x0017,0x0018;0;;0x0403,0x0804,0x0401,0x0503,0x0805,0x0501,0x0806,0x0601,0x0201;0x0304,0x0303,0x0302,0x0301;Jul 20, 2024 18:13:35.528492000 CEST
47.246.2.232;192.168.3.28;443;65043;;;6;2;0x0303;0x1302;43,51;;;;;;0x0304;Jul 20, 2024 18:13:35.592638000 CEST
192.168.3.28;47.246.2.232;65045;443;;;6;1;0x0303;0x1301,0x1302,0x1303,0xc02b,0xc02c,0xcca9,0xc02f,0xc030,0xcca8,0xc009,0xc00a,0xc013,0xc014,0x009c,0x009d,0x002f,0x0035;0,23,65281,10,11,5,13,51,45,43,21;global-orange-source.alibaba.com;0x001d,0x0017,0x0018;0;;0x0403,0x0804,0x0401,0x0503,0x0805,0x0501,0x0806,0x0601,0x0201;0x0304,0x0303,0x0302,0x0301;Jul 20, 2024 18:13:35.820247000 CEST
47.246.2.232;192.168.3.28;443;65045;;;6;2;0x0303;0x1302;43,51;;;;;;0x0304;Jul 20, 2024 18:13:35.884660000 CEST
192.168.3.28;47.246.2.232;65048;443;;;6;1;0x0303;0x1301,0x1302,0x1303,0xc02b,0xc02c,0xcca9,0xc02f,0xc030,0xcca8,0xc009,0xc00a,0xc013,0xc014,0x009c,0x009d,0x002f,0x0035;0,23,65281,10,11,5,13,51,45,43,21;global-orange-source.alibaba.com;0x001d,0x0017,0x0018;0;;0x0403,0x0804,0x0401,0x0503,0x0805,0x0501,0x0806,0x0601,0x0201;0x0304,0x0303,0x0302,0x0301;Jul 20, 2024 18:13:36.109530000 CEST
192.168.3.28;47.246.2.232;65049;443;;;6;1;0x0303;0x1301,0x1302,0x1303,0xc02b,0xc02c,0xcca9,0xc02f,0xc030,0xcca8,0xc009,0xc00a,0xc013,0xc014,0x009c,0x009d,0x002f,0x0035;0,23,65281,10,11,5,13,51,45,43,21;global-orange-source.alibaba.com;0x001d,0x0017,0x0018;0;;0x0403,0x0804,0x0401,0x0503,0x0805,0x0501,0x0806,0x0601,0x0201;0x0304,0x0303,0x0302,0x0301;Jul 20, 2024 18:13:36.109546000 CEST
47.246.2.232;192.168.3.28;443;65049;;;6;2;0x0303;0x1302;43,51;;;;;;0x0304;Jul 20, 2024 18:13:36.171069000 CEST
47.246.2.232;192.168.3.28;443;65048;;;6;2;0x0303;0x1302;43,51;;;;;;0x0304;Jul 20, 2024 18:13:36.172383000 CEST
192.168.3.28;47.246.2.232;65051;443;;;6;1;0x0303;0x1301,0x1302,0x1303,0xc02b,0xc02c,0xcca9,0xc02f,0xc030,0xcca8,0xc009,0xc00a,0xc013,0xc014,0x009c,0x009d,0x002f,0x0035;0,23,65281,10,11,5,13,51,45,43,21;global-orange-source.alibaba.com;0x001d,0x0017,0x0018;0;;0x0403,0x0804,0x0401,0x0503,0x0805,0x0501,0x0806,0x0601,0x0201;0x0304,0x0303,0x0302,0x0301;Jul 20, 2024 18:13:36.437888000 CEST
47.246.2.232;192.168.3.28;443;65051;;;6;2;0x0303;0x1302;43,51;;;;;;0x0304;Jul 20, 2024 18:13:36.501460000 CEST
192.168.3.28;47.246.2.232;65053;443;;;6;1;0x0303;0x1301,0x1302,0x1303,0xc02b,0xc02c,0xcca9,0xc02f,0xc030,0xcca8,0xc009,0xc00a,0xc013,0xc014,0x009c,0x009d,0x002f,0x0035;0,23,65281,10,11,5,13,51,45,43,21;global-orange-source.alibaba.com;0x001d,0x0017,0x0018;0;;0x0403,0x0804,0x0401,0x0503,0x0805,0x0501,0x0806,0x0601,0x0201;0x0304,0x0303,0x0302,0x0301;Jul 20, 2024 18:13:36.737890000 CEST
47.246.2.232;192.168.3.28;443;65053;;;6;2;0x0303;0x1302;43,51;;;;;;0x0304;Jul 20, 2024 18:13:36.801248000 CEST
192.168.3.28;47.246.2.232;65055;443;;;6;1;0x0303;0x1301,0x1302,0x1303,0xc02b,0xc02c,0xcca9,0xc02f,0xc030,0xcca8,0xc009,0xc00a,0xc013,0xc014,0x009c,0x009d,0x002f,0x0035;0,23,65281,10,11,5,13,51,45,43,21;global-orange-source.alibaba.com;0x001d,0x0017,0x0018;0;;0x0403,0x0804,0x0401,0x0503,0x0805,0x0501,0x0806,0x0601,0x0201;0x0304,0x0303,0x0302,0x0301;Jul 20, 2024 18:13:37.027840000 CEST
47.246.2.232;192.168.3.28;443;65055;;;6;2;0x0303;0x1302;43,51;;;;;;0x0304;Jul 20, 2024 18:13:37.092143000 CEST
192.168.3.28;47.246.2.232;65057;443;;;6;1;0x0303;0x1301,0x1302,0x1303,0xc02b,0xc02c,0xcca9,0xc02f,0xc030,0xcca8,0xc009,0xc00a,0xc013,0xc014,0x009c,0x009d,0x002f,0x0035;0,23,65281,10,11,5,13,51,45,43,21;global-orange-source.alibaba.com;0x001d,0x0017,0x0018;0;;0x0403,0x0804,0x0401,0x0503,0x0805,0x0501,0x0806,0x0601,0x0201;0x0304,0x0303,0x0302,0x0301;Jul 20, 2024 18:13:37.307902000 CEST
47.246.2.232;192.168.3.28;443;65057;;;6;2;0x0303;0x1302;43,51;;;;;;0x0304;Jul 20, 2024 18:13:37.371011000 CEST
192.168.3.28;47.246.2.232;65060;443;;;6;1;0x0303;0x1301,0x1302,0x1303,0xc02b,0xc02c,0xcca9,0xc02f,0xc030,0xcca8,0xc009,0xc00a,0xc013,0xc014,0x009c,0x009d,0x002f,0x0035;0,23,65281,10,11,5,13,51,45,43,21;global-orange-source.alibaba.com;0x001d,0x0017,0x0018;0;;0x0403,0x0804,0x0401,0x0503,0x0805,0x0501,0x0806,0x0601,0x0201;0x0304,0x0303,0x0302,0x0301;Jul 20, 2024 18:13:37.591248000 CEST
47.246.2.232;192.168.3.28;443;65060;;;6;2;0x0303;0x1302;43,51;;;;;;0x0304;Jul 20, 2024 18:13:37.663316000 CEST
192.168.3.28;47.246.2.232;65062;443;;;6;1;0x0303;0x1301,0x1302,0x1303,0xc02b,0xc02c,0xcca9,0xc02f,0xc030,0xcca8,0xc009,0xc00a,0xc013,0xc014,0x009c,0x009d,0x002f,0x0035;0,23,65281,10,11,5,13,51,45,43,21;global-orange-source.alibaba.com;0x001d,0x0017,0x0018;0;;0x0403,0x0804,0x0401,0x0503,0x0805,0x0501,0x0806,0x0601,0x0201;0x0304,0x0303,0x0302,0x0301;Jul 20, 2024 18:13:37.878406000 CEST
47.246.2.232;192.168.3.28;443;65062;;;6;2;0x0303;0x1302;43,51;;;;;;0x0304;Jul 20, 2024 18:13:37.943349000 CEST
192.168.3.28;47.246.2.232;65064;443;;;6;1;0x0303;0x1301,0x1302,0x1303,0xc02b,0xc02c,0xcca9,0xc02f,0xc030,0xcca8,0xc009,0xc00a,0xc013,0xc014,0x009c,0x009d,0x002f,0x0035;0,23,65281,10,11,5,13,51,45,43,21;global-orange-source.alibaba.com;0x001d,0x0017,0x0018;0;;0x0403,0x0804,0x0401,0x0503,0x0805,0x0501,0x0806,0x0601,0x0201;0x0304,0x0303,0x0302,0x0301;Jul 20, 2024 18:13:38.168049000 CEST
47.246.2.232;192.168.3.28;443;65064;;;6;2;0x0303;0x1302;43,51;;;;;;0x0304;Jul 20, 2024 18:13:38.231858000 CEST
192.168.3.28;47.246.2.232;65066;443;;;6;1;0x0303;0x1301,0x1302,0x1303,0xc02b,0xc02c,0xcca9,0xc02f,0xc030,0xcca8,0xc009,0xc00a,0xc013,0xc014,0x009c,0x009d,0x002f,0x0035;0,23,65281,10,11,5,13,51,45,43,21;global-orange-source.alibaba.com;0x001d,0x0017,0x0018;0;;0x0403,0x0804,0x0401,0x0503,0x0805,0x0501,0x0806,0x0601,0x0201;0x0304,0x0303,0x0302,0x0301;Jul 20, 2024 18:13:38.537947000 CEST
47.246.2.232;192.168.3.28;443;65066;;;6;2;0x0303;0x1302;43,51;;;;;;0x0304;Jul 20, 2024 18:13:38.601260000 CEST
192.168.3.28;47.246.2.232;65068;443;;;6;1;0x0303;0x1301,0x1302,0x1303,0xc02b,0xc02c,0xcca9,0xc02f,0xc030,0xcca8,0xc009,0xc00a,0xc013,0xc014,0x009c,0x009d,0x002f,0x0035;0,23,65281,10,11,5,13,51,45,43,21;global-orange-source.alibaba.com;0x001d,0x0017,0x0018;0;;0x0403,0x0804,0x0401,0x0503,0x0805,0x0501,0x0806,0x0601,0x0201;0x0304,0x0303,0x0302,0x0301;Jul 20, 2024 18:13:38.818190000 CEST
47.246.2.232;192.168.3.28;443;65068;;;6;2;0x0303;0x1302;43,51;;;;;;0x0304;Jul 20, 2024 18:13:38.881286000 CEST
192.168.3.28;47.246.2.232;65070;443;;;6;1;0x0303;0x1301,0x1302,0x1303,0xc02b,0xc02c,0xcca9,0xc02f,0xc030,0xcca8,0xc009,0xc00a,0xc013,0xc014,0x009c,0x009d,0x002f,0x0035;0,23,65281,10,11,5,13,51,45,43,21;global-orange-source.alibaba.com;0x001d,0x0017,0x0018;0;;0x0403,0x0804,0x0401,0x0503,0x0805,0x0501,0x0806,0x0601,0x0201;0x0304,0x0303,0x0302,0x0301;Jul 20, 2024 18:13:39.117982000 CEST
47.246.2.232;192.168.3.28;443;65070;;;6;2;0x0303;0x1302;43,51;;;;;;0x0304;Jul 20, 2024 18:13:39.187010000 CEST
192.168.3.28;47.246.2.232;65072;443;;;6;1;0x0303;0x1301,0x1302,0x1303,0xc02b,0xc02c,0xcca9,0xc02f,0xc030,0xcca8,0xc009,0xc00a,0xc013,0xc014,0x009c,0x009d,0x002f,0x0035;0,23,65281,10,11,5,13,51,45,43,21;global-orange-source.alibaba.com;0x001d,0x0017,0x0018;0;;0x0403,0x0804,0x0401,0x0503,0x0805,0x0501,0x0806,0x0601,0x0201;0x0304,0x0303,0x0302,0x0301;Jul 20, 2024 18:13:39.418000000 CEST
47.246.2.232;192.168.3.28;443;65072;;;6;2;0x0303;0x1302;43,51;;;;;;0x0304;Jul 20, 2024 18:13:39.487587000 CEST
192.168.3.28;47.246.2.232;65074;443;;;6;1;0x0303;0x1301,0x1302,0x1303,0xc02b,0xc02c,0xcca9,0xc02f,0xc030,0xcca8,0xc009,0xc00a,0xc013,0xc014,0x009c,0x009d,0x002f,0x0035;0,23,65281,10,11,5,13,51,45,43,21;global-orange-source.alibaba.com;0x001d,0x0017,0x0018;0;;0x0403,0x0804,0x0401,0x0503,0x0805,0x0501,0x0806,0x0601,0x0201;0x0304,0x0303,0x0302,0x0301;Jul 20, 2024 18:13:39.710906000 CEST
47.246.2.232;192.168.3.28;443;65074;;;6;2;0x0303;0x1302;43,51;;;;;;0x0304;Jul 20, 2024 18:13:39.775474000 CEST
192.168.3.28;47.246.2.232;65076;443;;;6;1;0x0303;0x1301,0x1302,0x1303,0xc02b,0xc02c,0xcca9,0xc02f,0xc030,0xcca8,0xc009,0xc00a,0xc013,0xc014,0x009c,0x009d,0x002f,0x0035;0,23,65281,10,11,5,13,51,45,43,21;global-orange-source.alibaba.com;0x001d,0x0017,0x0018;0;;0x0403,0x0804,0x0401,0x0503,0x0805,0x0501,0x0806,0x0601,0x0201;0x0304,0x0303,0x0302,0x0301;Jul 20, 2024 18:13:40.150027000 CEST
47.246.2.232;192.168.3.28;443;65076;;;6;2;0x0303;0x1302;43,51;;;;;;0x0304;Jul 20, 2024 18:13:40.224043000 CEST
192.168.3.28;47.246.2.232;65078;443;;;6;1;0x0303;0x1301,0x1302,0x1303,0xc02b,0xc02c,0xcca9,0xc02f,0xc030,0xcca8,0xc009,0xc00a,0xc013,0xc014,0x009c,0x009d,0x002f,0x0035;0,23,65281,10,11,5,13,51,45,43,21;global-orange-source.alibaba.com;0x001d,0x0017,0x0018;0;;0x0403,0x0804,0x0401,0x0503,0x0805,0x0501,0x0806,0x0601,0x0201;0x0304,0x0303,0x0302,0x0301;Jul 20, 2024 18:13:40.460816000 CEST
47.246.2.232;192.168.3.28;443;65078;;;6;2;0x0303;0x1302;43,51;;;;;;0x0304;Jul 20, 2024 18:13:40.566567000 CEST
192.168.3.28;47.246.2.232;65081;443;;;6;1;0x0303;0x1301,0x1302,0x1303,0xc02b,0xc02c,0xcca9,0xc02f,0xc030,0xcca8,0xc009,0xc00a,0xc013,0xc014,0x009c,0x009d,0x002f,0x0035;0,23,65281,10,11,5,13,51,45,43,21;global-orange-source.alibaba.com;0x001d,0x0017,0x0018;0;;0x0403,0x0804,0x0401,0x0503,0x0805,0x0501,0x0806,0x0601,0x0201;0x0304,0x0303,0x0302,0x0301;Jul 20, 2024 18:13:40.837929000 CEST
192.168.3.28;47.246.2.232;65083;443;;;6;1;0x0303;0x1301,0x1302,0x1303,0xc02b,0xc02c,0xcca9,0xc02f,0xc030,0xcca8,0xc009,0xc00a,0xc013,0xc014,0x009c,0x009d,0x002f,0x0035;0,23,65281,10,11,5,13,51,45,43,21;global-orange-source.alibaba.com;0x001d,0x0017,0x0018;0;;0x0403,0x0804,0x0401,0x0503,0x0805,0x0501,0x0806,0x0601,0x0201;0x0304,0x0303,0x0302,0x0301;Jul 20, 2024 18:13:41.147948000 CEST
47.246.2.232;192.168.3.28;443;65083;;;6;2;0x0303;0x1302;43,51;;;;;;0x0304;Jul 20, 2024 18:13:41.211547000 CEST
192.168.3.28;47.246.2.232;65085;443;;;6;1;0x0303;0x1301,0x1302,0x1303,0xc02b,0xc02c,0xcca9,0xc02f,0xc030,0xcca8,0xc009,0xc00a,0xc013,0xc014,0x009c,0x009d,0x002f,0x0035;0,23,65281,10,11,5,13,51,45,43,21;global-orange-source.alibaba.com;0x001d,0x0017,0x0018;0;;0x0403,0x0804,0x0401,0x0503,0x0805,0x0501,0x0806,0x0601,0x0201;0x0304,0x0303,0x0302,0x0301;Jul 20, 2024 18:13:41.437901000 CEST
47.246.2.232;192.168.3.28;443;65085;;;6;2;0x0303;0x1302;43,51;;;;;;0x0304;Jul 20, 2024 18:13:41.511429000 CEST
192.168.3.28;47.246.2.232;65087;443;;;6;1;0x0303;0x1301,0x1302,0x1303,0xc02b,0xc02c,0xcca9,0xc02f,0xc030,0xcca8,0xc009,0xc00a,0xc013,0xc014,0x009c,0x009d,0x002f,0x0035;0,23,65281,10,11,5,13,51,45,43,21;global-orange-source.alibaba.com;0x001d,0x0017,0x0018;0;;0x0403,0x0804,0x0401,0x0503,0x0805,0x0501,0x0806,0x0601,0x0201;0x0304,0x0303,0x0302,0x0301;Jul 20, 2024 18:13:41.728090000 CEST
47.246.2.232;192.168.3.28;443;65087;;;6;2;0x0303;0x1302;43,51;;;;;;0x0304;Jul 20, 2024 18:13:41.791671000 CEST
192.168.3.28;47.246.2.232;65089;443;;;6;1;0x0303;0x1301,0x1302,0x1303,0xc02b,0xc02c,0xcca9,0xc02f,0xc030,0xcca8,0xc009,0xc00a,0xc013,0xc014,0x009c,0x009d,0x002f,0x0035;0,23,65281,10,11,5,13,51,45,43,21;global-orange-source.alibaba.com;0x001d,0x0017,0x0018;0;;0x0403,0x0804,0x0401,0x0503,0x0805,0x0501,0x0806,0x0601,0x0201;0x0304,0x0303,0x0302,0x0301;Jul 20, 2024 18:13:42.027953000 CEST
47.246.2.232;192.168.3.28;443;65089;;;6;2;0x0303;0x1302;43,51;;;;;;0x0304;Jul 20, 2024 18:13:42.095027000 CEST
192.168.3.28;47.246.2.232;65091;443;;;6;1;0x0303;0x1301,0x1302,0x1303,0xc02b,0xc02c,0xcca9,0xc02f,0xc030,0xcca8,0xc009,0xc00a,0xc013,0xc014,0x009c,0x009d,0x002f,0x0035;0,23,65281,10,11,5,13,51,45,43,21;global-orange-source.alibaba.com;0x001d,0x0017,0x0018;0;;0x0403,0x0804,0x0401,0x0503,0x0805,0x0501,0x0806,0x0601,0x0201;0x0304,0x0303,0x0302,0x0301;Jul 20, 2024 18:13:42.328091000 CEST
192.168.3.28;47.246.2.232;65093;443;;;6;1;0x0303;0x1301,0x1302,0x1303,0xc02b,0xc02c,0xcca9,0xc02f,0xc030,0xcca8,0xc009,0xc00a,0xc013,0xc014,0x009c,0x009d,0x002f,0x0035;0,23,65281,10,11,5,13,51,45,43,21;global-orange-source.alibaba.com;0x001d,0x0017,0x0018;0;;0x0403,0x0804,0x0401,0x0503,0x0805,0x0501,0x0806,0x0601,0x0201;0x0304,0x0303,0x0302,0x0301;Jul 20, 2024 18:13:42.658010000 CEST
47.246.2.232;192.168.3.28;443;65093;;;6;2;0x0303;0x1302;43,51;;;;;;0x0304;Jul 20, 2024 18:13:42.725319000 CEST
192.168.3.28;47.246.2.232;65095;443;;;6;1;0x0303;0x1301,0x1302,0x1303,0xc02b,0xc02c,0xcca9,0xc02f,0xc030,0xcca8,0xc009,0xc00a,0xc013,0xc014,0x009c,0x009d,0x002f,0x0035;0,23,65281,10,11,5,13,51,45,43,21;global-orange-source.alibaba.com;0x001d,0x0017,0x0018;0;;0x0403,0x0804,0x0401,0x0503,0x0805,0x0501,0x0806,0x0601,0x0201;0x0304,0x0303,0x0302,0x0301;Jul 20, 2024 18:13:42.948092000 CEST
47.246.2.232;192.168.3.28;443;65095;;;6;2;0x0303;0x1302;43,51;;;;;;0x0304;Jul 20, 2024 18:13:43.009948000 CEST
192.168.3.28;104.96.145.31;65097;443;;;6;1;0x0303;0x1301,0x1302,0x1303,0xc02b,0xc02c,0xcca9,0xc02f,0xc030,0xcca8,0xc013,0xc014,0x009c,0x009d,0x002f,0x0035;0,23,65281,10,11,35,16,5,13,51,45,43,21;campaign.aliexpress.com;0x001d,0x0017,0x0018;0;h2,http/1.1;0x0403,0x0804,0x0401,0x0503,0x0805,0x0501,0x0806,0x0601,0x0201;0x0304,0x0303;Jul 20, 2024 18:13:43.159272000 CEST
104.96.145.31;192.168.3.28;443;65097;;;6;2;0x0303;0xc02c;65281,0,11,35,5,16;;;0,1,2;h2;;;Jul 20, 2024 18:13:43.179381000 CEST
192.168.3.28;47.246.2.232;65098;443;;;6;1;0x0303;0x1301,0x1302,0x1303,0xc02b,0xc02c,0xcca9,0xc02f,0xc030,0xcca8,0xc009,0xc00a,0xc013,0xc014,0x009c,0x009d,0x002f,0x0035;0,23,65281,10,11,5,13,51,45,43,21;global-orange-source.alibaba.com;0x001d,0x0017,0x0018;0;;0x0403,0x0804,0x0401,0x0503,0x0805,0x0501,0x0806,0x0601,0x0201;0x0304,0x0303,0x0302,0x0301;Jul 20, 2024 18:13:43.223947000 CEST
47.246.2.232;192.168.3.28;443;65098;;;6;2;0x0303;0x1302;43,51;;;;;;0x0304;Jul 20, 2024 18:13:43.300341000 CEST
192.168.3.28;47.246.2.232;65100;443;;;6;1;0x0303;0x1301,0x1302,0x1303,0xc02b,0xc02c,0xcca9,0xc02f,0xc030,0xcca8,0xc009,0xc00a,0xc013,0xc014,0x009c,0x009d,0x002f,0x0035;0,23,65281,10,11,5,13,51,45,43,21;global-orange-source.alibaba.com;0x001d,0x0017,0x0018;0;;0x0403,0x0804,0x0401,0x0503,0x0805,0x0501,0x0806,0x0601,0x0201;0x0304,0x0303,0x0302,0x0301;Jul 20, 2024 18:13:43.513394000 CEST
192.168.3.28;104.96.145.36;65104;443;;;6;1;0x0303;0x1301,0x1302,0x1303,0xc02b,0xc02c,0xcca9,0xc02f,0xc030,0xcca8,0xc013,0xc014,0x009c,0x009d,0x002f,0x0035;0,23,65281,10,11,35,16,5,13,51,45,43,21;sale.aliexpress.com;0x001d,0x0017,0x0018;0;h2,http/1.1;0x0403,0x0804,0x0401,0x0503,0x0805,0x0501,0x0806,0x0601,0x0201;0x0304,0x0303;Jul 20, 2024 18:13:43.858690000 CEST
192.168.3.28;47.246.2.232;65103;443;;;6;1;0x0303;0x1301,0x1302,0x1303,0xc02b,0xc02c,0xcca9,0xc02f,0xc030,0xcca8,0xc009,0xc00a,0xc013,0xc014,0x009c,0x009d,0x002f,0x0035;0,23,65281,10,11,5,13,51,45,43,21;global-orange-source.alibaba.com;0x001d,0x0017,0x0018;0;;0x0403,0x0804,0x0401,0x0503,0x0805,0x0501,0x0806,0x0601,0x0201;0x0304,0x0303,0x0302,0x0301;Jul 20, 2024 18:13:43.859085000 CEST
104.96.145.36;192.168.3.28;443;65104;;;6;2;0x0303;0xc02c;65281,0,11,35,5,16;;;0,1,2;h2;;;Jul 20, 2024 18:13:43.873365000 CEST
47.246.2.232;192.168.3.28;443;65103;;;6;2;0x0303;0x1302;43,51;;;;;;0x0304;Jul 20, 2024 18:13:43.919741000 CEST
192.168.3.28;47.246.2.232;65106;443;;;6;1;0x0303;0x1301,0x1302,0x1303,0xc02b,0xc02c,0xcca9,0xc02f,0xc030,0xcca8,0xc009,0xc00a,0xc013,0xc014,0x009c,0x009d,0x002f,0x0035;0,23,65281,10,11,5,13,51,45,43,21;global-orange-source.alibaba.com;0x001d,0x0017,0x0018;0;;0x0403,0x0804,0x0401,0x0503,0x0805,0x0501,0x0806,0x0601,0x0201;0x0304,0x0303,0x0302,0x0301;Jul 20, 2024 18:13:44.175374000 CEST
47.246.2.232;192.168.3.28;443;65106;;;6;2;0x0303;0x1302;43,51;;;;;;0x0304;Jul 20, 2024 18:13:44.240002000 CEST
192.168.3.28;47.246.2.232;65108;443;;;6;1;0x0303;0x1301,0x1302,0x1303,0xc02b,0xc02c,0xcca9,0xc02f,0xc030,0xcca8,0xc009,0xc00a,0xc013,0xc014,0x009c,0x009d,0x002f,0x0035;0,23,65281,10,11,5,13,51,45,43,21;global-orange-source.alibaba.com;0x001d,0x0017,0x0018;0;;0x0403,0x0804,0x0401,0x0503,0x0805,0x0501,0x0806,0x0601,0x0201;0x0304,0x0303,0x0302,0x0301;Jul 20, 2024 18:13:44.528197000 CEST
47.246.2.232;192.168.3.28;443;65108;;;6;2;0x0303;0x1302;43,51;;;;;;0x0304;Jul 20, 2024 18:13:44.617008000 CEST
192.168.3.28;47.246.2.232;65110;443;;;6;1;0x0303;0x1301,0x1302,0x1303,0xc02b,0xc02c,0xcca9,0xc02f,0xc030,0xcca8,0xc009,0xc00a,0xc013,0xc014,0x009c,0x009d,0x002f,0x0035;0,23,65281,10,11,5,13,51,45,43,21;global-orange-source.alibaba.com;0x001d,0x0017,0x0018;0;;0x0403,0x0804,0x0401,0x0503,0x0805,0x0501,0x0806,0x0601,0x0201;0x0304,0x0303,0x0302,0x0301;Jul 20, 2024 18:13:44.878653000 CEST
47.246.2.232;192.168.3.28;443;65110;;;6;2;0x0303;0x1302;43,51;;;;;;0x0304;Jul 20, 2024 18:13:44.945504000 CEST
192.168.3.28;47.246.2.232;65112;443;;;6;1;0x0303;0x1301,0x1302,0x1303,0xc02b,0xc02c,0xcca9,0xc02f,0xc030,0xcca8,0xc009,0xc00a,0xc013,0xc014,0x009c,0x009d,0x002f,0x0035;0,23,65281,10,11,5,13,51,45,43,21;global-orange-source.alibaba.com;0x001d,0x0017,0x0018;0;;0x0403,0x0804,0x0401,0x0503,0x0805,0x0501,0x0806,0x0601,0x0201;0x0304,0x0303,0x0302,0x0301;Jul 20, 2024 18:13:45.147135000 CEST
47.246.2.232;192.168.3.28;443;65112;;;6;2;0x0303;0x1302;43,51;;;;;;0x0304;Jul 20, 2024 18:13:45.212451000 CEST
192.168.3.28;47.246.2.232;65114;443;;;6;1;0x0303;0x1301,0x1302,0x1303,0xc02b,0xc02c,0xcca9,0xc02f,0xc030,0xcca8,0xc009,0xc00a,0xc013,0xc014,0x009c,0x009d,0x002f,0x0035;0,23,65281,10,11,5,13,51,45,43,21;global-orange-source.alibaba.com;0x001d,0x0017,0x0018;0;;0x0403,0x0804,0x0401,0x0503,0x0805,0x0501,0x0806,0x0601,0x0201;0x0304,0x0303,0x0302,0x0301;Jul 20, 2024 18:13:45.448279000 CEST
47.246.2.232;192.168.3.28;443;65114;;;6;2;0x0303;0x1302;43,51;;;;;;0x0304;Jul 20, 2024 18:13:45.511203000 CEST
192.168.3.28;47.246.2.232;65116;443;;;6;1;0x0303;0x1301,0x1302,0x1303,0xc02b,0xc02c,0xcca9,0xc02f,0xc030,0xcca8,0xc009,0xc00a,0xc013,0xc014,0x009c,0x009d,0x002f,0x0035;0,23,65281,10,11,5,13,51,45,43,21;global-orange-source.alibaba.com;0x001d,0x0017,0x0018;0;;0x0403,0x0804,0x0401,0x0503,0x0805,0x0501,0x0806,0x0601,0x0201;0x0304,0x0303,0x0302,0x0301;Jul 20, 2024 18:13:45.728065000 CEST
47.246.2.232;192.168.3.28;443;65116;;;6;2;0x0303;0x1302;43,51;;;;;;0x0304;Jul 20, 2024 18:13:45.793259000 CEST
192.168.3.28;47.246.2.232;65118;443;;;6;1;0x0303;0x1301,0x1302,0x1303,0xc02b,0xc02c,0xcca9,0xc02f,0xc030,0xcca8,0xc009,0xc00a,0xc013,0xc014,0x009c,0x009d,0x002f,0x0035;0,23,65281,10,11,5,13,51,45,43,21;global-orange-source.alibaba.com;0x001d,0x0017,0x0018;0;;0x0403,0x0804,0x0401,0x0503,0x0805,0x0501,0x0806,0x0601,0x0201;0x0304,0x0303,0x0302,0x0301;Jul 20, 2024 18:13:46.032358000 CEST
